{
  "regions": {
    "covered": 98097,
    "count": 109598,
    "percent": 89.10619536852862
  },
  "functions": {
    "covered": 4555,
    "count": 4850,
    "percent": 93.51752577319587
  },
  "lines": {
    "covered": 54209,
    "count": 59816,
    "percent": 90.22625384512504
  },
  "branches": {
    "covered": 9368,
    "count": 12345,
    "percent": 75.48497367355205
  }
}
