{
  "regions": {
    "covered": 96672,
    "count": 108584,
    "percent": 88.62969129890223
  },
  "functions": {
    "covered": 4491,
    "count": 4797,
    "percent": 93.22101313320825
  },
  "lines": {
    "covered": 53488,
    "count": 59328,
    "percent": 89.7564185544768
  },
  "branches": {
    "covered": 9286,
    "count": 12321,
    "percent": 74.96725915104292
  }
}
