{
  "regions": {
    "covered": 88551,
    "count": 101805,
    "percent": 86.58099307499631
  },
  "functions": {
    "covered": 4092,
    "count": 4460,
    "percent": 91.3488789237668
  },
  "lines": {
    "covered": 49686,
    "count": 56278,
    "percent": 87.88671949962684
  },
  "branches": {
    "covered": 9005,
    "count": 12257,
    "percent": 73.06822224035245
  }
}
