{
  "regions": {
    "covered": 89029,
    "count": 103536,
    "percent": 85.9884484623706
  },
  "functions": {
    "covered": 4146,
    "count": 4599,
    "percent": 90.15003261578603
  },
  "lines": {
    "covered": 49986,
    "count": 57289,
    "percent": 87.25235210948
  },
  "branches": {
    "covered": 9409,
    "count": 12887,
    "percent": 73.01156203926439
  }
}
