{
  "regions": {
    "covered": 87545,
    "count": 101143,
    "percent": 86.55566870668262
  },
  "functions": {
    "covered": 4074,
    "count": 4483,
    "percent": 90.87664510372518
  },
  "lines": {
    "covered": 49013,
    "count": 55928,
    "percent": 87.63588900014304
  },
  "branches": {
    "covered": 9269,
    "count": 12457,
    "percent": 74.40796339407562
  }
}
