{
  "regions": {
    "covered": 88664,
    "count": 101052,
    "percent": 87.3409650476982
  },
  "functions": {
    "covered": 4140,
    "count": 4487,
    "percent": 91.86654780476934
  },
  "lines": {
    "covered": 49800,
    "count": 55906,
    "percent": 88.67809537437842
  },
  "branches": {
    "covered": 9409,
    "count": 12499,
    "percent": 74.87802224177933
  }
}
