{
  "regions": {
    "covered": 88219,
    "count": 101455,
    "percent": 86.95382189147898
  },
  "functions": {
    "covered": 4077,
    "count": 4444,
    "percent": 91.74167416741675
  },
  "lines": {
    "covered": 49501,
    "count": 56084,
    "percent": 88.26224948291848
  },
  "branches": {
    "covered": 8959,
    "count": 12211,
    "percent": 73.36827450659241
  }
}
