{
  "regions": {
    "covered": 93741,
    "count": 106089,
    "percent": 87.9607160026016
  },
  "functions": {
    "covered": 4323,
    "count": 4664,
    "percent": 92.28867924528302
  },
  "lines": {
    "covered": 52032,
    "count": 58162,
    "percent": 89.06047247343625
  },
  "branches": {
    "covered": 9179,
    "count": 12265,
    "percent": 74.43897268650632
  }
}
