{
  "regions": {
    "covered": 107368,
    "count": 117718,
    "percent": 90.80780169557755
  },
  "functions": {
    "covered": 4937,
    "count": 5197,
    "percent": 94.59711371945352
  },
  "lines": {
    "covered": 58662,
    "count": 63645,
    "percent": 91.77063398538769
  },
  "branches": {
    "covered": 9688,
    "count": 12571,
    "percent": 76.66626362262348
  }
}
