
running 3758 tests
test abstract_instantiation_check_e2e::data_class_construction ... ok
test abstract_instantiation_check_e2e::instantiate_interface_with_members ... ok
test abstract_instantiation_check_e2e::instantiate_interface ... ok
test abstract_instantiation_check_e2e::concrete_class ... ok
test abstract_instantiation_check_e2e::instantiate_sealed_class ... ok
test abstract_instantiation_check_e2e::instantiate_abstract_with_ctor_params ... ok
test abstract_instantiation_check_e2e::abstract_class_cannot_use_companion_factory_syntax ... ok
test abstract_instantiation_check_e2e::instantiate_abstract_class ... ok
test abstract_instantiation_check_e2e::interface_implementation ... ok
test abstract_instantiation_check_e2e::reference_interface_constructor ... ok
test abstract_instantiation_check_e2e::reference_abstract_constructor ... ok
test abstract_member_check_e2e::abstract_fun_in_abstract_class_ok ... ok
test abstract_member_check_e2e::abstract_fun_in_final_class ... ok
test abstract_member_check_e2e::abstract_fun_in_interface_ok ... ok
test abstract_instantiation_check_e2e::subclass_of_abstract ... ok
test abstract_member_check_e2e::abstract_fun_in_plain_class_with_members ... ok
test abstract_instantiation_check_e2e::subclass_of_open ... ok
test abstract_member_check_e2e::abstract_fun_in_sealed_class_ok ... ok
test abstract_member_check_e2e::concrete_members_in_final_class_ok ... ok
test abstract_member_check_e2e::abstract_member_in_enum_ok ... ok
test abstract_modifier_consistency_e2e::abstract_and_final ... ok
test abstract_member_check_e2e::open_member_in_final_class_ok ... ok
test abstract_modifier_consistency_e2e::abstract_no_body_ok ... ok
test abstract_modifier_consistency_e2e::abstract_member_not_private_or_final_ok ... ok
test abstract_modifier_consistency_e2e::abstract_with_block_body ... ok
test abstract_modifier_consistency_e2e::abstract_with_expression_body ... ok
test abstract_modifier_consistency_e2e::concrete_with_body_ok ... ok
test abstract_instantiation_check_e2e::subclass_super_delegation_not_flagged ... ok
test abstract_instantiation_check_e2e::object_expression_implementing_interface ... ok
test abstract_instantiation_check_e2e::sibling_companion_factory_uses_normal_argument_mapping ... ok
test abstract_instantiation_check_e2e::interface_name_can_call_companion_factory ... ok
test annotation_instantiation_e2e::annotation_instantiation_array_member_content_equality ... ok
test anon_fun_statement_e2e::named_local_fun_still_declares ... ok
test abstract_instantiation_check_e2e::companion_factory_uses_normal_argument_mapping ... ok
test abstract_instantiation_check_e2e::containing_class_can_call_private_companion_factory ... ok
test anon_fun_statement_e2e::anonymous_function_as_loop_body ... ok
test annotation_instantiation_e2e::annotation_instantiation_member_read_and_content_equality ... ok
test annotated_setter_parameter_e2e::annotated_setter_parameter_keeps_the_rest_of_the_class ... ok
test annotation_instantiation_e2e::annotation_instantiation_nested_and_tostring ... ok
test anon_object_capture_e2e::capture_used_in_property_initializer ... ok
test anon_object_capture_e2e::captures_local_val ... ok
test anon_object_capture_member_e2e::anon_object_capture_ignores_unrelated_enclosing_class_methods ... ok
test anon_object_capture_e2e::captures_constructor_initialized_local ... ok
test anon_object_capture_e2e::captures_qualified_constructor_result ... ok
test anon_object_capture_member_e2e::anon_object_in_property_initializer_reads_earlier_body_val ... ok
test anon_object_capture_e2e::captures_read_parameter ... ok
test anon_object_capture_member_e2e::anon_object_in_property_initializer_reads_enclosing_val ... ok
test anon_object_capture_member_e2e::anon_object_reads_enclosing_body_val ... ok
test anon_object_capture_e2e::bound_name_shadows_capture ... ok
test anon_object_capture_member_e2e::anon_object_plain_backing_body_prop_captured ... ok
test anon_object_capture_member_e2e::anon_object_reads_enclosing_val_property ... ok
test anon_object_capture_e2e::captures_multiple_parameters ... ok
test anon_object_capture_e2e::captures_capitalized_function_result ... ok
test anon_object_capture_member_e2e::companion_capture_preserves_prior_instance_return_inference ... ok
test anon_object_outer_this_e2e::reads_outer_property_without_an_outer_call ... ok
test anon_object_outer_this_e2e::adapts_value_class_receiver_at_anonymous_constructor_boundary ... ok
test anonymous_function_e2e::anon_fun_block_body_with_local_return ... ok
test anon_object_outer_this_e2e::override_dispatches_through_outer_open_function ... ok
test anonymous_function_e2e::anon_fun_immediately_invoked ... ok
test anonymous_function_e2e::anon_fun_expression_body ... ok
test anon_object_outer_this_e2e::calls_outer_member_inherited_from_dependency ... ok
test anon_object_capture_e2e::captures_generic_constructor_result ... ok
test anonymous_function_e2e::anon_fun_passed_as_argument ... ok
test arity_error_coverage_e2e::extension_arity_mismatch_rejected ... ok
test arity_error_coverage_e2e::nested_constructor_arity_mismatch_rejected ... ok
test anonymous_function_e2e::anon_fun_local_return_targets_its_own_declared_type ... ok
test anonymous_function_e2e::block_bodied_anon_fun_without_a_declared_type_returns_unit ... ok
test anon_object_outer_this_e2e::calls_outer_member_function_labeled_this ... ok
test assert_intrinsic_e2e::assert_always_enable_throws_on_false ... ok
test assert_intrinsic_e2e::assert_false_skipped_when_disabled ... ok
test anon_object_outer_this_e2e::calls_outer_member_function_unqualified ... ok
test assert_intrinsic_e2e::assert_with_message_lambda_compiles ... ok
test anonymous_function_e2e::anon_fun_return_type_inferred_from_the_expected_function_type ... ok
test assert_intrinsic_e2e::fully_qualified_assert_uses_the_same_intrinsic ... ok
test assert_intrinsic_e2e::assert_true_compiles_and_runs ... ok
test backend_rejection_coverage_e2e::cross_file_projected_generic_return_with_concrete_inference_is_accepted ... ok
test backend_rejection_coverage_e2e::delegated_property_lazy_accepted ... ok
test backend_rejection_coverage_e2e::delegated_property_observable_rejected ... ok
test backend_rejection_coverage_e2e::cross_file_suspend_generic_value_class_specialization_rejected ... ok
test backend_rejection_coverage_e2e::generic_member_value_class_operand_specialization_rejected ... ok
test backend_rejection_coverage_e2e::generic_member_extension_value_class_receiver_specialization_rejected ... ok
test backend_rejection_coverage_e2e::delegated_property_map_accepted ... ok
test backend_rejection_coverage_e2e::named_generic_value_class_operand_specialization_rejected ... ok
test backend_rejection_coverage_e2e::mixed_spread_vararg_accepted ... ok
test backend_rejection_coverage_e2e::boxed_value_class_inside_container_does_not_trigger_suspend_gate ... ok
test backend_rejection_coverage_e2e::owner_generic_member_value_class_operand_specialization_rejected ... ok
test backend_rejection_coverage_e2e::suspend_return_in_try_rejected ... ok
test backend_rejection_coverage_e2e::projected_generic_extension_receiver_with_concrete_inference_is_accepted ... ok
test backend_rejection_coverage_e2e::projected_generic_member_return_inference_rejected ... ok
test backend_rejection_coverage_e2e::suspend_ctor_single_arg_accepted ... ok
test backend_rejection_coverage_e2e::suspend_try_finally_rejected ... ok
test backend_rejection_coverage_e2e::owner_generic_member_extension_value_class_receiver_specialization_rejected ... ok
test backend_rejection_coverage_e2e::suspend_try_as_expression_accepted ... ok
test backend_rejection_coverage_e2e::suspend_try_catch_accepted ... ok
test backend_rejection_coverage_e2e::suspend_ctor_arg_after_side_effect_accepted ... ok
test backend_rejection_coverage_e2e::suspend_safe_call_double_suspension_rejected ... ok
test backend_rejection_coverage_e2e::suspend_sequence_map_not_inlined_rejected ... ok
test backend_rejection_coverage_e2e::unrelated_concrete_value_class_parameter_does_not_trigger_suspend_gate ... ok
test backend_rejection_coverage_e2e::unused_explicit_value_class_type_argument_does_not_trigger_suspend_gate ... ok
test backend_rejection_coverage_e2e::suspend_when_with_multiple_suspensions_rejected ... ok
test backing_field_accessor_e2e::val_backing_field_custom_getter ... ok
test backtick_identifier_e2e::backtick_function_name_with_spaces ... ok
test backtick_identifier_e2e::backtick_constructor_keyword_param ... ok
test backing_field_accessor_e2e::incdec_on_custom_accessor_var_goes_through_accessors ... ok
test backtick_identifier_e2e::backtick_keyword_parameter_and_local ... ok
test backing_field_accessor_e2e::inline_accessor_modifier_parses_and_runs ... ok
test backing_field_accessor_e2e::internal_read_and_write_go_through_custom_accessors ... ok
test bare_accessor_and_setter_bridge_e2e::generic_var_override_setter_bridge ... ok
test backing_field_accessor_e2e::var_backing_field_custom_accessors ... ok
test bound_expr_ref_e2e::bound_refs_in_overloaded_enclosing_functions_do_not_clash ... ok
test bound_library_ref_e2e::bound_string_get_ref ... ok
test bare_accessor_and_setter_bridge_e2e::bare_get_and_set_accessors_parse ... ok
test bound_library_ref_e2e::bound_user_prop_ref_expr_receiver ... ok
test bound_library_ref_e2e::bound_string_length_prop_ref ... ok
test bounded_type_param_e2e::charsequence_bound_erases_descriptor_to_bound ... ok
test bounded_type_param_e2e::charsequence_bound_member_get_resolves_and_runs ... ok
test bound_expr_ref_e2e::bound_extension_and_member_refs_on_expressions ... ok
test bounded_type_param_e2e::comparable_bound_erases_descriptor_to_bound ... ok
test bounded_type_param_e2e::string_bounded_member_resolves_and_runs ... ok
test bounded_type_param_e2e::comparable_operator_bounded_generic_called_with_primitive_runs ... ok
test bounded_type_param_e2e::user_interface_bounded_member_resolves_and_runs ... ok
test bounded_type_param_e2e::number_bound_member_toint_resolves_and_runs ... ok
test box_harness_skip_semantics_e2e::an_accepted_source_still_runs_through_the_gated_helpers ... ok
test box_harness_skip_semantics_e2e::a_rejected_source_panics_with_its_diagnostics ... ok
test boxed_array_construction_e2e::array_of_nulls_primitive ... ok
test boxed_array_construction_e2e::boxed_array_property_getter ... ok
test boxed_array_construction_e2e::explicit_type_argument_byte ... ok
test boxed_array_construction_e2e::declared_array_param_return_and_compound_assign ... ok
test boxed_array_construction_e2e::arrayof_and_size_and_for_and_index ... ok
test bounded_type_param_e2e::bounded_type_param_roundtrips_through_krusty_metadata ... ok
test bracket_lambda_param_e2e::bracket_destructured_lambda_param ... ok
test bracket_lambda_param_e2e::bracket_lambda_param_with_underscore ... ok
test break_continue_expr_e2e::break_as_elvis_rhs ... ok
test break_continue_e2e::break_continue_runs ... ok
test break_continue_expr_e2e::continue_as_elvis_rhs ... ok
test break_continue_expr_e2e::break_continue_as_when_arm ... ok
test break_continue_in_branch_e2e::break_in_if_branch_inside_lambda_is_rejected ... ok
test boxed_array_construction_e2e::context_typed_empty_arrayof_compiles_and_runs ... ok
test break_continue_in_branch_e2e::break_as_if_branch_in_value_position ... ok
test break_continue_in_branch_e2e::continue_as_when_branch_in_value_position ... ok
test break_continue_expr_e2e::labeled_break_continue_as_elvis_rhs ... ok
test build1017_oo1_vcparam_result_takeif_e2e::vcparam_result_safe_takeif_filters_to_null ... ok
test build1017_oo1_vcparam_result_takeif_e2e::vcparam_result_safe_takeif_reads_member ... ok
test build1017_oo1_vcparam_result_takeif_e2e::vcparam_result_direct_member_still_works ... ok
test build688_cc1_bb1_e2e::cc1_is_check_on_same_package_classpath_value ... ok
test build1018_pp1_suspend_block_firstornull_e2e::suspend_block_local_firstornull_no_match_is_null ... ok
test build1018_pp1_suspend_block_firstornull_e2e::suspend_expr_body_firstornull_still_works ... ok
test build1018_pp1_suspend_block_firstornull_e2e::suspend_block_local_firstornull_return ... ok
test build688_ff1_suspend_hof_e2e::toplevel_suspend_fn_with_capturing_hof_lambda ... ok
test build688_ff1_suspend_hof_e2e::toplevel_suspend_fn_with_inline_filter ... ok
test build688_ff1_suspend_hof_e2e::toplevel_suspend_fn_with_inline_map ... ok
test build702_aa1_suspend_nullable_elvis_e2e::suspend_nullable_return_elvis_error_then_member ... ok
test build702_fq_trailing_lambda_e2e::fq_plain_library_call_still_resolves ... ok
test build702_fq_trailing_lambda_e2e::fq_runblocking_trailing_lambda_string_result ... ok
test apt_host_e2e::apt_generates_across_two_rounds ... ok
test apt_host_e2e::apt_processor_error_fails_compile ... ok
test build702_fq_trailing_lambda_e2e::fq_runblocking_trailing_lambda_int_result ... ok
test build702_gg1_sealed_when_e2e::non_exhaustive_when_over_classpath_sealed_still_rejected ... ok
test build702_gg1_sealed_when_e2e::exhaustive_when_over_classpath_sealed_as_value ... ok
test build702_gg1_sealed_when_e2e::exhaustive_when_over_classpath_sealed_three_subclasses ... ok
test build722_aa1_suspend_nullable_elvis_e2e::suspend_nullable_elvis_error_then_member ... ok
test apt_host_e2e::kotlin_calls_apt_generated_class ... ok
test build722_dd1_suspend_member_default_e2e::nonsuspend_member_ctor_default ... ok
test build722_dd1_suspend_member_default_e2e::suspend_member_ctor_default_calling_suspend_member ... ok
test build722_hh1_inline_hof_both_branches_e2e::inline_find_else_branch_taken ... ok
test build722_reified_class_literal_e2e::reified_class_literal_custom_type ... ok
test build722_hh1_inline_hof_both_branches_e2e::inline_find_in_both_if_branches ... ok
test build722_hh1_inline_hof_both_branches_e2e::inline_find_in_both_when_branches ... ok
test build722_reified_class_literal_e2e::reified_class_literal_simple_name ... ok
test build775_aa1_suspend_iface_param_elvis_e2e::run_blocking_result_elvis_error_then_member ... ok
test build775_aa1_suspend_iface_param_elvis_e2e::run_blocking_infers_value_result_type ... ok
test build775_aa1_suspend_iface_param_elvis_e2e::suspend_iface_param_nullable_elvis_error_then_member ... ok
test build775_ii1_suspend_for_loop_e2e::suspend_call_in_for_loop ... ok
test build840_collection_property_element_e2e::for_over_classpath_list_int_property ... ok
test build840_collection_property_element_e2e::for_over_classpath_list_long_property ... ok
test build840_collection_property_element_e2e::sum_on_classpath_list_int_property ... ok
test build840_collection_property_element_e2e::typed_element_binds_primitive ... ok
test build840_jj1_param_soft_keyword_e2e::annotated_modifier_keyword_param_name ... ok
test build840_jj1_param_soft_keyword_e2e::several_modifier_keyword_param_names ... ok
test build840_jj1_param_soft_keyword_e2e::open_as_param_name ... ok
test build840_jj1_param_soft_keyword_e2e::vararg_modifier_still_parsed ... ok
test build840_kk1_inline_hof_enclosing_member_e2e::any_lambda_calls_enclosing_member ... ok
test build840_kk1_inline_hof_enclosing_member_e2e::find_lambda_calls_enclosing_member ... ok
test build840_kk1_inline_hof_enclosing_member_e2e::filter_lambda_calls_enclosing_member ... ok
test build840_kk1_inline_hof_enclosing_member_e2e::lambda_reads_enclosing_field_and_member ... ok
test build840_mm1_safe_call_lambda_ext_e2e::chained_safe_call_take_if_then_member ... ok
test build840_mm1_safe_call_lambda_ext_e2e::safe_call_take_unless_reads_member ... ok
test build840_mm1_safe_call_lambda_ext_e2e::safe_call_take_if_filters_to_null ... ok
test build840_mm1_safe_call_lambda_ext_e2e::safe_call_take_if_reads_member ... ok
test build840_nn1_suspend_inline_withlock_e2e::with_lock_omits_default_owner_and_binds_lambda_return ... ok
test builtin_intrinsics_coverage_e2e::float_double_compare_and_enum_string_intrinsics ... ok
test builtin_intrinsics_coverage_e2e::branchy_arg_construction_spill ... ok
test builtin_intrinsics_coverage_e2e::primitive_hashcode_intrinsics ... ok
test bytecode_parity_e2e::compare_against_zero_in_value_position_is_single_operand_branch ... ok
test bytecode_parity_e2e::classpath_interface_override_is_not_final ... ok
test bytecode_parity_e2e::compare_against_zero_is_single_operand_branch ... ok
test bytecode_parity_e2e::counting_loop_uses_iinc_not_load_add_store ... ok
test bytecode_parity_e2e::constant_until_loop_has_no_bound_local_or_guard ... ok
test bytecode_parity_e2e::data_class_collection_field_hashes_via_object_hashcode ... ok
test bytecode_parity_e2e::data_class_copy_null_checks_nonnull_reference_params ... ok
test bytecode_parity_e2e::data_class_hash_shapes_match_kotlinc_per_field_kind ... ok
test bytecode_parity_e2e::data_class_interface_field_hashes_via_object_hashcode ... ok
test bytecode_parity_e2e::data_class_concrete_ref_field_hashes_via_own_hashcode ... ok
test bytecode_parity_e2e::data_class_member_order_matches_kotlin ... ok
test build688_cc1_bb1_e2e::bb1_value_class_default_with_subtype_ctor_args ... ok
test build688_cc1_bb1_e2e::bb1_positional_and_provided_value_class ... ok
test bytecode_parity_e2e::data_class_nonnull_string_hashes_via_string_hashcode ... ok
test build702_dd1_suspend_default_e2e::suspend_default_call_manually_bound ... ok
test build702_dd1_suspend_default_e2e::suspend_default_call_in_if_condition ... ok
test build702_dd1_suspend_default_e2e::suspend_default_call_in_runblocking_lambda_condition ... ok
test bytecode_parity_e2e::data_class_nullable_value_class_field_hashes_via_hashcode_impl_ternary ... ok
test bytecode_parity_e2e::data_class_tostring_uses_single_stringbuilder ... ok
test bytecode_parity_e2e::data_class_object_overrides_are_not_final ... ok
test bytecode_parity_e2e::data_class_value_class_field_uses_impl_statics ... ok
test bytecode_parity_e2e::double_compare_in_value_position_tests_dcmp_without_materialized_zero ... ok
test bytecode_parity_e2e::double_greater_than_uses_dcmpl ... ok
test bytecode_parity_e2e::float_compare_in_value_position_tests_fcmp_without_materialized_zero ... ok
test bytecode_parity_e2e::for_in_local_array_does_not_copy_array_to_temp ... ok
test bytecode_parity_e2e::long_compare_in_value_position_tests_lcmp_without_materialized_zero ... ok
test bytecode_parity_e2e::loop_condition_is_fused_if_icmp ... ok
test build840_collection_property_element_e2e::classpath_iterator_uses_declared_element_parameter ... ok
test build775_ee1_reified_vc_ext_e2e::reified_vc_param_ext_overload_return_member ... ok
test bytecode_parity_e2e::referential_null_comparison_in_value_position_is_single_operand ... ok
test bytecode_parity_e2e::safe_call_elvis_primitive_does_not_box ... ok
test bytecode_parity_e2e::single_interpolation_uses_string_valueof ... ok
test bytecode_parity_e2e::string_template_uses_single_stringbuilder_and_append_char ... ok
test bytecode_parity_e2e::for_in_local_array_no_redundant_copy_is_byte_identical_to_kotlinc ... ok
test bytecode_parity_e2e::range_until_and_through_loops_byte_identical_to_kotlinc ... ok
test bytecode_parity_e2e::data_class_equals_is_byte_identical_to_kotlinc ... ok
test bytecode_parity_e2e::for_in_intarray_is_byte_identical_to_kotlinc ... ok
test bytecode_parity_e2e::downto_constant_loop_byte_identical_to_kotlinc ... ok
test bytecode_parity_e2e::data_class_primitive_hashcode_is_byte_identical_to_kotlinc ... ok
test call_targs_property_inference_e2e::explicit_call_targs_property_use_is_clean ... ok
test bytecode_parity_e2e::member_and_unsigned_equals_evaluate_receiver_before_a_suspending_argument ... ok
test callable_ref_e2e::adapted_bound_member_ref_runs ... ok
test call_targs_property_inference_e2e::explicit_call_targs_survive_property_signature_inference ... ok
test bytecode_parity_e2e::same_type_unsigned_equals_compares_carriers_without_boxing ... ok
test bytecode_parity_e2e::top_level_property_abi_matches_kotlin ... ok
test callable_ref_e2e::expected_type_boxes_a_primitive_for_a_reference_supertype_parameter ... ok
test callable_ref_e2e::bound_member_ref_flows_to_classpath_map ... ok
test callable_ref_e2e::callable_refs_run ... ok
test callable_ref_e2e::expected_type_selects_an_overloaded_toplevel_reference_and_coerces_unit ... ok
test callable_ref_e2e::class_literal_type_is_provider_backed ... ok
test callable_ref_e2e::expected_type_selects_the_most_specific_compatible_parameter_overload ... ok
test callable_ref_e2e::expected_type_uses_function_parameter_contravariance_and_return_covariance ... ok
test callable_ref_e2e::generic_class_unbound_member_ref_runs ... ok
test callable_ref_e2e::nullable_receiver_callable_ref_runs ... ok
test callable_ref_e2e::return_exactness_does_not_hide_a_more_specific_parameter_overload ... ok
test callable_ref_e2e::zero_arg_lambda_targeting_maps_member_arguments ... ok
test callable_ref_e2e::property_ref_keeps_api_and_fits_function_shape ... ok
test callable_ref_e2e::zero_arg_lambda_to_generic_member_runs ... ok
test callable_ref_equality_e2e::function_reference_equality ... ok
test callable_ref_extension_e2e::bound_extension_reference_boxes_a_primitive_for_a_reference_supertype_parameter ... ok
test callable_ref_extension_e2e::bound_extension_reference_call ... ok
test callable_ref_e2e::nested_lambda_keeps_classpath_receiver_type_for_overload ... ok
test callable_ref_extension_e2e::bound_extension_reference_selects_the_most_specific_compatible_parameter_overload ... ok
test callable_ref_extension_e2e::bound_extension_reference_coerces_a_value_return_to_unit ... ok
test callable_ref_extension_e2e::bound_extension_reference_selects_the_most_specific_receiver_overload ... ok
test callable_ref_equality_e2e::function_reference_still_invokes ... ok
test callable_ref_extension_e2e::bound_extension_reference_uses_function_type_variance ... ok
test callable_ref_extension_e2e::bound_extension_reference_uses_the_expected_function_parameter_types ... ok
test callable_ref_extension_e2e::bound_extension_return_exactness_does_not_hide_a_more_specific_parameter_overload ... ok
test callable_ref_extension_e2e::full_arity_bound_extension_reference_keeps_defaulted_parameter ... ok
test callable_ref_extension_e2e::extension_reference_equality ... ok
test char_literal_diagnostics_e2e::a_counting_failure_does_not_also_blame_the_escape ... ok
test callable_ref_extension_e2e::inferred_bound_extension_reference_keeps_default_adaptation ... ok
test char_literal_diagnostics_e2e::an_escape_failure_does_not_also_count_characters ... ok
test char_literal_diagnostics_e2e::astral_character_literal_is_rejected ... ok
test char_literal_diagnostics_e2e::character_followed_by_escape_is_rejected ... ok
test char_literal_diagnostics_e2e::empty_character_literal_is_rejected ... ok
test char_literal_diagnostics_e2e::char_literal_inside_a_string_template_is_checked ... ok
test char_literal_diagnostics_e2e::lone_surrogate_escape_is_accepted ... ok
test char_literal_diagnostics_e2e::multi_character_literal_is_rejected ... ok
test char_literal_diagnostics_e2e::nul_escape_is_rejected ... ok
test char_literal_diagnostics_e2e::plain_character_is_accepted ... ok
test char_literal_diagnostics_e2e::non_ascii_bmp_character_is_accepted ... ok
test char_literal_diagnostics_e2e::raw_carriage_return_in_literal_is_rejected ... ok
test char_literal_diagnostics_e2e::raw_newline_in_literal_is_rejected ... ok
test char_literal_diagnostics_e2e::raw_tab_space_and_dollar_are_accepted ... ok
test char_literal_diagnostics_e2e::surrogate_pair_written_as_escapes_is_rejected ... ok
test char_literal_diagnostics_e2e::simple_escapes_are_accepted ... ok
test char_literal_diagnostics_e2e::the_dollar_template_idiom_still_compiles ... ok
test char_literal_diagnostics_e2e::truncated_unicode_escape_is_rejected ... ok
test char_literal_diagnostics_e2e::two_escapes_are_rejected ... ok
test char_literal_diagnostics_e2e::unicode_escape_is_accepted ... ok
test char_literal_diagnostics_e2e::two_unicode_escapes_are_rejected ... ok
test char_literal_diagnostics_e2e::unknown_escape_is_rejected ... ok
test callable_ref_extension_e2e::unbound_extension_reference_call ... ok
test catch_annotation_comma_e2e::catch_parameter_annotation_and_trailing_comma ... ok
test checker_operator_methods_e2e::char_operator_methods ... ok
test checker_operator_methods_e2e::vararg_argument_assignability ... ok
test class_body_e2e::open_property_virtual_dispatch ... ok
test checker_operator_methods_e2e::zero_argument_primitive_operator_methods ... ok
test class_body_e2e::body_properties_and_init_block ... ok
test class_body_e2e::open_property_virtual_dispatch_through_a_grandparent ... ok
test class_header_newline_e2e::class_header_colon_may_start_on_the_next_line ... ok
test class_body_e2e::open_var_init_block_writes_through_the_setter ... ok
test class_body_e2e::open_property_writes_and_constructor_declarations_dispatch_virtually ... ok
test bytecode_parity_e2e::value_position_comparison_does_not_poison_a_later_inline_splice ... ok
test bytecode_parity_e2e::value_position_comparison_polarity_matches_kotlinc ... ok
test bytecode_parity_e2e::zero_on_the_left_in_branch_position_fuses_only_for_equality ... ok
test class_metadata_roundtrip::class_member_value_params_round_trip ... ok
test class_metadata_roundtrip::package_extension_receiver_round_trips ... ok
test class_metadata_roundtrip::package_receiver_function_type_param_round_trips ... ok
test class_metadata_roundtrip::package_value_param_defaults_round_trip ... ok
test class_literal_e2e::bound_class_literal_smartcast_in_equals ... ok
test bytecode_parity_e2e::zero_on_the_left_in_value_position_fuses_only_for_equality ... ok
test class_literal_e2e::class_literal_java_on_explicitly_imported_type ... ok
test class_literal_e2e::primitive_class_literals_bound_and_unbound_agree ... ok
test bytecode_parity_e2e::unsigned_long_equality_tests_lcmp_without_materialized_zero ... ok
test class_tparam_cast_e2e::class_tparam_cast_in_method ... ok
test class_tparam_cast_e2e::class_tparam_cast_in_property_init ... ok
test classifier_precedence_e2e::classifier_outside_scope_does_not_precede_default_import ... ok
test classifier_precedence_e2e::same_package_class_precedes_default_import ... ok
test class_literal_e2e::unbound_user_and_library_class_literals ... ok
test class_body_e2e::open_property_corpus_cases_run ... ok
test class_literal_e2e::class_literal_java_is_identity_on_the_class ... ok
test classifier_precedence_e2e::type_parameter_precedes_default_import ... ok
test classfile_e2e::emitted_add_class_verifies_and_runs ... ok
test classifier_precedence_e2e::value_class_precedes_default_import_in_signatures ... ok
test classpath_byte_array_descriptor_e2e::byte_array_return_flows_into_constructor ... ok
test classpath_abstract_subclass_e2e::named_and_anonymous_classes_extend_an_abstract_classpath_class ... ok
test classpath_collection_and_nested_named_e2e::classpath_collection_ctor_overload_prefers_exact ... ok
test classpath_collection_param_member_e2e::method_with_list_int_param ... ok
test classpath_collection_param_member_e2e::method_with_list_string_param ... ok
test classpath_collection_param_member_e2e::method_with_custom_element_list_param ... ok
test classpath_collection_param_member_e2e::method_with_map_param ... ok
test classpath_collection_param_member_e2e::method_with_mutable_list_param ... ok
test classpath_collection_param_member_e2e::method_with_set_param ... ok
test classpath_collection_param_member_e2e::overloads_by_collection_interface_stay_distinct ... ok
test classpath_companion::classpath_class_companion_object_is_detected ... ok
test classpath_abstract_subclass_e2e::unsafe_abstract_classpath_bases_are_declined ... ok
test classpath_collection_param_member_e2e::suspend_interface_noarg_returns_custom_list_lowers ... ok
test classpath_collection_param_member_e2e::suspend_interface_scalar_arg_returns_custom_list_lowers ... ok
test classpath_collection_and_nested_named_e2e::classpath_collection_param_and_nested_named_ctor ... ok
test classpath_collection_param_member_e2e::suspend_interface_get_with_list_param_lowers ... ok
test classpath_annotation_emit_e2e::classpath_annotation_retention_splits_visible_invisible_drops_source ... ok
test classpath_companion_ext_lambda_e2e::classpath_member_lambda_named_args ... ok
test classpath_collection_param_member_e2e::nonsuspend_returns_custom_list_via_list_param ... ok
test classpath_companion_invoke_e2e::classpath_companion_invoke_factory ... ok
test classpath_companion_ext_lambda_e2e::classpath_instance_ext_lambda_call ... ok
test classpath_companion_ext_lambda_e2e::classpath_companion_plain_lambda_call ... ok
test classpath_companion_ext_lambda_e2e::classpath_companion_ext_lambda_call ... ok
test classpath_companion_ext_lambda_e2e::classpath_member_parameterized_ext_lambda_receiver ... ok
test classpath_covariant_override_e2e::named_copy_selects_most_derived_override ... ok
test classpath_companion_ext_lambda_e2e::classpath_member_generic_ext_lambda_call ... ok
test classpath_ctor_receiver_lambda_e2e::a_class_header_super_call_binds_the_receiver_lambda_this ... ok
test classpath_ctor_receiver_lambda_e2e::a_lambda_passed_to_a_classpath_receiver_lambda_constructor_binds_this ... ok
test classpath_ctor_receiver_lambda_e2e::a_same_arity_constructor_set_keeps_its_plain_function_parameter ... ok
test classpath_companion_ext_lambda_e2e::classpath_instance_ext_lambda_runs ... ok
test classpath_companion_invoke_lambda_e2e::concrete_function_parameter_shape_crosses_the_compiled_provider_boundary ... ok
test classpath_companion_invoke_lambda_e2e::companion_invoke_receiver_lambda_box_runs ... ok
test classpath_companion_invoke_lambda_e2e::explicit_continuation_function_is_not_reclassified_as_suspend ... ok
test classpath_ctor_vs_same_named_function_e2e::constructor_arity_error_is_still_reported_without_a_same_named_function ... ok
test classpath_ctor_vs_same_named_function_e2e::a_call_matching_neither_candidate_is_still_reported ... ok
test classpath_ctor_vs_same_named_function_e2e::explicit_constructor_arguments_still_pick_the_constructor ... ok
test classpath_ctor_vs_same_named_function_e2e::a_failed_constructor_probe_keeps_the_trailing_lambda_shaped_for_the_function ... ok
test classpath_ctor_vs_same_named_function_e2e::trailing_lambda_call_picks_the_function_over_the_constructor ... ok
test classpath_companion_invoke_lambda_e2e::companion_invoke_receiver_lambda_resolves ... ok
test classpath_companion_invoke_lambda_e2e::suspend_receiver_function_shape_survives_metadata_erasure ... ok
test classpath_default_arg_subtype_e2e::a_spelled_out_call_keeps_resolving ... ok
test classpath_data_copy_e2e::classpath_data_class_copy_with_omitted_fields ... ok
test classpath_default_arg_subtype_e2e::incomparable_defaulted_overloads_remain_ambiguous ... ok
test classpath_default_arg_subtype_e2e::an_object_argument_still_selects_the_defaulted_overload ... ok
test classpath_default_arg_subtype_e2e::a_subtype_argument_still_selects_the_defaulted_overload ... ok
test classpath_default_arg_subtype_e2e::the_most_specific_overload_wins_on_the_defaulted_path ... ok
test classpath_default_args_e2e::classpath_default_arg_omission_compiles_and_runs ... ok
test classpath_enum_regex_vc_e2e::generated_enum_entries_accessor_is_not_a_source_callable_companion_method ... ok
test classpath_default_vararg_call_e2e::vararg_used_default_given ... ok
test classpath_default_arg_subtype_e2e::the_overload_filling_fewer_defaults_wins ... ok
test classpath_extension_default_implicit_receiver_e2e::an_extension_with_no_defaults_is_unaffected ... ok
test classpath_extension_default_implicit_receiver_e2e::a_trailing_lambda_with_every_argument_spelled_out_is_unaffected ... ok
test classpath_default_vararg_call_e2e::default_and_vararg_omitted_with_type_arg ... ok
test classpath_default_vararg_call_e2e::default_and_vararg_omitted_runs_on_jvm ... ok
test classpath_default_vararg_call_e2e::default_and_vararg_omitted_plain ... ok
test classpath_extension_default_implicit_receiver_e2e::an_implicit_receiver_extension_call_still_takes_every_argument ... ok
test classpath_extension_default_implicit_receiver_e2e::a_trailing_lambda_binds_the_last_parameter_past_an_omitted_default ... ok
test classpath_extension_default_implicit_receiver_e2e::the_explicit_receiver_spelling_keeps_working ... ok
test classpath_extension_default_implicit_receiver_e2e::a_trailing_lambda_binds_the_last_parameter_past_a_leading_omitted_default ... ok
test classpath_extension_default_implicit_receiver_e2e::an_implicit_receiver_extension_call_may_omit_a_default ... ok
test classpath_extension_receiver_lambda_e2e::source_extension_lambda_binds_member_and_extension_calls ... ok
test bytecode_parity_e2e::unsigned_equals_on_other_argument_types_calls_equals_impl_unboxed ... ok
test classpath_enum_regex_vc_e2e::classpath_enum_regex_and_value_class_property ... ok
test classpath_extension_receiver_lambda_e2e::classpath_inline_extension_lambda_binds_member_call ... ok
test classpath_extension_receiver_lambda_e2e::classpath_extension_lambda_binds_member_call ... ok
test classpath_extension_receiver_lambda_e2e::classpath_extension_lambda_binds_extension_call ... ok
test classpath_function_reference_e2e::classpath_function_reference_compiles_and_runs ... ok
test classpath_extension_receiver_lambda_e2e::classpath_suspend_extension_lambda_binds_calls ... ok
test classpath_inner_classes_e2e::copies_referenced_classpath_inner_class_metadata ... ok
test classpath_function_reference_e2e::constructor_reference_wins_over_same_named_classpath_function ... ok
test classpath_is_smartcast_e2e::is_smartcast_to_qualified_nested_sealed_subclass ... ok
test classpath_is_smartcast_e2e::is_smartcast_negated_else_branch ... ok
test classpath_fun_typed_property_lambda_e2e::a_lambda_assigned_to_a_classpath_suspend_fun_typed_property_checks_clean ... ok
test classpath_jdk_static_e2e::generic_java_static_accepts_zero_arg_sam_lambda ... ok
test classpath_jdk_static_e2e::fully_qualified_jdk_vararg_constructor_accepts_expanded_arguments ... ok
test classpath_jdk_static_e2e::function_value_is_not_passed_to_java_sam_without_an_adapter ... ok
test classpath_is_smartcast_e2e::is_smartcast_to_imported_top_level_subclass ... ok
test classpath_is_smartcast_e2e::this_smartcast_reads_classpath_subclass_member ... ok
test classpath_jdk_static_e2e::heterogeneous_generic_evidence_does_not_narrow_a_later_sam ... ok
test classpath_jdk_static_e2e::implicit_parameter_lambda_does_not_match_a_multi_input_java_sam ... ok
test classpath_jdk_static_e2e::jdk_static_call_return_type_inferred_for_private_property ... ok
test classpath_jdk_static_e2e::jdk_vararg_constructor_accepts_expanded_arguments ... ok
test classpath_fun_typed_property_lambda_e2e::a_lambda_assigned_to_a_classpath_plain_fun_typed_property_infers_params ... ok
test classpath_jdk_static_e2e::incomparable_literal_overloads_are_ambiguous ... ok
test classpath_jdk_static_e2e::jdk_instance_vararg_accepts_expanded_arguments ... ok
test classpath_fun_typed_property_lambda_e2e::a_lambda_assigned_to_a_classpath_receiver_fun_typed_property_binds_shape ... ok
test classpath_jvmstatic_object_property_e2e::coroutines_dispatchers_members_resolve ... ok
test classpath_fun_typed_property_lambda_e2e::a_read_classpath_receiver_fun_typed_property_invokes_receiver_style ... ok
test classpath_jdk_static_e2e::java_vararg_does_not_omit_fixed_parameters ... ok
test classpath_jdk_static_e2e::top_level_library_calls_use_literal_origin_after_argument_mapping ... ok
test classpath_jdk_static_e2e::non_literal_int_does_not_match_long_parameter ... ok
test classpath_fun_typed_property_lambda_e2e::a_classpath_member_fun_typed_return_canonicalizes_collections ... ok
test classpath_jdk_static_e2e::unrelated_instance_sam_overloads_are_ambiguous ... ok
test classpath_member_overload_no_names_e2e::expected_type_retry_requires_bindable_return_and_overload_agreement ... ok
test classpath_member_mutable_collection_e2e::nested_mutable_member_return_keeps_inner_mutability ... ok
test classpath_member_mutable_collection_e2e::mutable_member_return_keeps_mutability ... ok
test classpath_member_overload_no_names_e2e::explicit_type_argument_binds_generic_member_return ... ok
test classpath_member_overload_no_names_e2e::reordered_named_args_resolve_next_to_no_names_sibling ... ok
test classpath_jdk_static_e2e::static_fields_and_integer_literal_arguments_use_declared_types ... ok
test classpath_jvmstatic_object_property_e2e::jvmstatic_object_property_write_then_read ... ok
test classpath_jvmstatic_object_property_e2e::jvmstatic_object_property_read ... ok
test classpath_jvmstatic_object_property_e2e::jvmstatic_object_property_receiver_effect_is_preserved ... ok
test classpath_member_overload_no_names_e2e::reordered_same_type_named_args_keep_label_order_at_runtime ... ok
test classpath_member_overload_no_names_e2e::zero_arg_generic_member_argument_box_runs ... ok
test classpath_member_metadata_alignment_e2e::classpath_member_defaults_follow_the_descriptor_overload ... ok
test classpath_member_overload_no_names_e2e::zero_arg_overload_resolves_inside_receiver_lambda ... ok
test classpath_member_overload_no_names_e2e::zero_arg_overload_resolves_next_to_named_sibling ... ok
test classpath_named_arg_skips_default_e2e::named_argument_type_is_still_checked_against_the_parameter_it_names ... ok
test classpath_nullable_arg_defaults_e2e::non_null_parameter_still_rejects_a_nullable_argument_with_defaults_omitted ... ok
test classpath_nullable_arg_defaults_e2e::nullable_argument_with_all_arguments_supplied ... ok
test classpath_member_receiver_lambda_e2e::a_generic_member_binds_its_receiver_lambda_from_the_argument ... ok
test classpath_member_overload_no_names_e2e::zero_arg_generic_member_binds_from_argument_position ... ok
test classpath_member_receiver_lambda_e2e::a_member_receiver_lambda_parameter_binds_its_receiver ... ok
test classpath_member_receiver_lambda_e2e::a_member_receiver_lambda_binds_through_an_implicit_receiver ... ok
test classpath_named_arg_skips_default_e2e::named_argument_skipping_a_default_resolves_and_runs ... ok
test classpath_nullable_arg_defaults_e2e::nullable_named_argument_skipping_a_defaulted_parameter ... ok
test classpath_member_receiver_lambda_e2e::a_suspend_member_receiver_lambda_parameter_binds_its_receiver ... ok
test classpath_nullable_extension_receiver_e2e::kotlinc_compiled_nullable_and_unbounded_generic_extensions_accept_nullable_values ... ok
test classpath_nullable_param_e2e::non_null_member_parameter_remains_strict ... ok
test classpath_nullable_param_e2e::nullable_metadata_matches_the_descriptor_overload ... ok
test classpath_nullable_param_e2e::non_null_argument_to_classpath_member_still_resolves ... ok
test classpath_nullable_param_e2e::named_argument_to_classpath_member_still_resolves ... ok
test classpath_nullable_param_e2e::nullable_value_passed_to_classpath_suspend_member_parameter ... ok
test classpath_nullable_param_e2e::nullable_value_passed_to_classpath_member_parameter ... ok
test classpath_nullable_param_e2e::nullable_value_passed_to_value_class_mangled_member_parameter ... ok
test classpath_nullable_param_toplevel_e2e::nullable_second_parameter_of_an_extension_is_accepted ... ok
test classpath_nullable_param_toplevel_e2e::nullable_second_parameter_of_a_top_level_function_is_accepted ... ok
test classpath_nullable_param_toplevel_e2e::non_null_top_level_parameter_still_rejects_a_nullable_argument ... ok
test classpath_nullable_param_toplevel_e2e::nullable_value_passed_to_suspend_top_level_parameter ... ok
test classpath_nullable_param_toplevel_e2e::nullable_value_passed_to_classpath_top_level_parameter ... ok
test classpath_nullable_param_toplevel_e2e::nullable_value_passed_to_classpath_extension_parameter ... ok
test classpath_nullable_param_toplevel_e2e::non_null_extension_parameter_still_rejects_a_nullable_argument ... ok
test classpath_object_member_extension_import_e2e::a_stdlib_companion_extension_property_resolves_and_runs ... ok
test classpath_nested_ctor_reordered_named_valueclass_e2e::classpath_nested_ctor_reordered_named_valueclass_runs ... ok
test classpath_object_nested_e2e::classpath_nested_type_static_member_via_outer_name ... ok
test classpath_named_arg_skips_default_e2e::trailing_lambda_is_typed_from_the_slot_a_named_argument_leaves_it ... ok
test classpath_object_member_import_e2e::classpath_object_member_toplevel_distinct_name ... ok
test classpath_object_value_e2e::classpath_object_referenced_as_value ... ok
test classpath_object_member_import_e2e::classpath_object_member_imported_unqualified ... ok
test classpath_properties_query_e2e::callable_reference_targets_must_have_a_real_virtual_method ... ok
test classpath_object_value_e2e::classpath_object_via_wildcard_import ... ok
test classpath_object_member_import_e2e::classpath_overloaded_member_trailing_lambda_captures_enclosing_it ... ok
test classpath_object_nested_e2e::classpath_object_and_nested_resolution ... ok
test classpath_number_conversion_e2e::mapped_number_conversions_use_jdk_members_without_stdlib ... ok
test classpath_nullable_arg_defaults_e2e::nullable_argument_to_suspend_member_with_trailing_default_omitted ... ok
test classpath_nullable_arg_defaults_e2e::nullable_argument_with_trailing_default_omitted ... ok
test classpath_properties_query_e2e::jvmname_extension_property_resolves_via_metadata_getter ... ok
test classpath_properties_query_e2e::classpath_var_member_setter_assigns_via_metadata ... ok
test classpath_object_member_extension_import_e2e::member_extensions_imported_from_an_object_or_companion_resolve_and_run ... ok
test classpath_qualified_nested_named_ctor_e2e::classpath_qualified_nested_ctor_named_and_defaults ... ok
test classpath_receiver_lambda_overload_e2e::receiver_lambda_default_is_still_omittable ... ok
test classpath_receiver_lambda_overload_e2e::trailing_receiver_lambda_selects_the_classpath_overload ... ok
test classpath_property_mutable_collection_e2e::nested_mutable_property_keeps_inner_mutability ... ok
test classpath_receiver_lambda_overload_e2e::a_receiver_lambda_parameter_binds_its_receiver_members ... ok
test classpath_receiver_lambda_e2e::classpath_receiver_lambda_compiles_and_runs ... ok
test classpath_properties_query_e2e::member_property_getter_and_setter_from_metadata ... ok
test classpath_property_mutable_collection_e2e::mutable_property_keeps_mutability ... ok
test classpath_properties_query_e2e::classpath_jvmname_var_setter_assigns_via_metadata ... ok
test classpath_runblocking_e2e::runblocking_bound_suspend_then_use ... ok
test classpath_runblocking_e2e::runblocking_nonsuspending_body ... ok
test classpath_runblocking_e2e::runblocking_tail_suspend_call ... ok
test classpath_reified_inline_toplevel_e2e::a_body_needing_class_reification_bails_instead_of_miscompiling ... ok
test classpath_static_call_inference_e2e::class_literal_binds_nested_java_generic_returns ... ok
test classpath_runblocking_e2e::runblocking_classpath_suspend_member ... ok
test classpath_reified_inline_toplevel_e2e::top_level_reified_inline_call_splices_and_runs ... ok
test classpath_static_call_inference_e2e::flexible_method_typevar_return_survives_specialization ... ok
test classpath_static_call_inference_e2e::kotlin_non_null_return_still_rejects_null_check ... ok
test classpath_static_call_inference_e2e::flexible_static_typevar_return_uses_the_same_policy ... ok
test classpath_reified_named_default_vararg_e2e::classpath_reified_named_default_after_vararg_resolves ... ok
test classpath_reified_named_default_vararg_e2e::classpath_reified_trailing_receiver_lambda_resolves ... ok
test classpath_nullable_extension_receiver_e2e::kotlinc_compiled_explicit_any_bound_rejects_nullable_receiver ... ok
test classpath_static_call_inference_e2e::null_literal_property_initializer_compiles ... ok
test classpath_reified_named_default_vararg_e2e::classpath_reified_named_default_before_vararg_resolves ... ok
test classpath_static_call_inference_e2e::null_literal_args_into_a_classpath_static_call ... ok
test classpath_static_call_inference_e2e::null_literal_into_a_primitive_parameter_still_fails ... ok
test classpath_reified_named_default_vararg_e2e::classpath_named_default_before_vararg_box_runs ... ok
test classpath_static_call_inference_e2e::null_literal_into_a_java_interface_parameter ... ok
test classpath_static_call_inference_e2e::null_mixed_with_non_null_args_and_overload_ambiguity ... ok
test classpath_subtype_ctor_arg_e2e::exact_type_argument_still_resolves ... ok
test classpath_subtype_ctor_arg_e2e::null_argument_selects_most_specific_classpath_constructor ... ok
test classpath_static_call_inference_e2e::java_generic_member_binds_lambda_param_from_receiver_type_argument ... ok
test classpath_super_call_e2e::super_call_binds_a_reference_type_argument ... ok
test classpath_super_ctor_args_e2e::extends_runtime_exception_with_message ... ok
test classpath_subtype_ctor_arg_e2e::sealed_subclass_ctor_as_named_argument ... ok
test classpath_subtype_ctor_arg_e2e::open_subclass_ctor_as_constructor_argument ... ok
test classpath_super_call_e2e::super_call_reaches_a_source_base_above_a_classpath_class ... ok
test classpath_static_call_inference_e2e::generic_extension_property_keeps_nullability_and_kotlin_collection_type ... ok
test classpath_subtype_ctor_arg_e2e::sealed_subclass_ctor_as_constructor_argument ... ok
test classpath_super_call_e2e::super_call_binds_the_bases_type_arguments ... ok
test classpath_synthetic_setter_e2e::inaccessible_java_setter_does_not_form_a_mutable_property ... ok
test classpath_synthetic_setter_e2e::mismatched_java_getter_and_setter_do_not_form_a_mutable_property ... ok
test classpath_synthetic_setter_e2e::overridden_java_setter_accepts_synthetic_property_write ... ok
test classpath_top_level_property_e2e::a_classpath_internal_top_level_property_does_not_leak_through_its_public_getter ... ok
test classpath_suspend_receiver_lambda_e2e::classpath_suspend_receiver_lambda_empty_body ... ok
test classpath_suspend_receiver_lambda_e2e::classpath_suspend_receiver_lambda_named_arg ... ok
test classpath_suspend_receiver_lambda_e2e::classpath_suspend_receiver_lambda_reads_receiver ... ok
test classpath_top_level_property_e2e::a_star_imported_classpath_top_level_property_reads ... ok
test classpath_synthetic_ctor_e2e::classpath_synthetic_ctor_and_nested_type_resolution ... ok
test classpath_top_level_property_e2e::a_classpath_top_level_property_is_an_argument_and_a_receiver ... ok
test classpath_top_level_property_e2e::an_imported_classpath_top_level_property_reads ... ok
test classpath_top_level_property_e2e::a_classpath_top_level_property_keeps_its_declared_nullability ... ok
test classpath_suspend_receiver_lambda_e2e::classpath_suspend_receiver_lambda_captures ... ok
test classpath_type_ref_e2e::classpath_type_ref_and_operator_resolution ... ok
test classpath_unbound_callable_ref_e2e::classpath_member_still_precedes_a_source_extension_reference ... ok
test classpath_unbound_callable_ref_e2e::cross_file_callable_references_coerce_value_returns_to_unit ... ok
test classpath_unbound_callable_ref_e2e::cross_file_internal_bound_extension_keeps_facade_and_declared_supertype ... ok
test classpath_unbound_callable_ref_e2e::cross_file_internal_toplevel_overload_uses_expected_variance_and_facade ... ok
test classpath_typealias_e2e::classpath_typealias_visibility_is_enforced ... ok
test classpath_unbound_callable_ref_e2e::cross_file_primitive_bound_extension_boxes_and_unboxes_the_receiver ... ok
test classpath_unbound_callable_ref_e2e::imported_public_cross_file_bound_extension_uses_declaring_facade ... ok
test classpath_unbound_callable_ref_e2e::overloaded_source_extension_reference_is_ambiguous ... ok
test classpath_unbound_callable_ref_e2e::private_cross_file_toplevel_reference_reports_inaccessible ... ok
test classpath_unbound_callable_ref_e2e::private_source_extension_reference_stays_file_private ... ok
test classpath_unbound_callable_ref_e2e::private_cross_file_bound_extension_reports_inaccessible ... ok
test classpath_unbound_callable_ref_e2e::extension_function_and_property_can_share_a_name ... ok
test classpath_unbound_callable_ref_e2e::source_extension_reference_accepts_a_supertype_receiver ... ok
test classpath_typealias_e2e::classpath_typealias_ctor_and_type_position ... ok
test classpath_unbound_callable_ref_e2e::unimported_source_extension_reference_is_not_visible ... ok
test classpath_unbound_callable_ref_e2e::sibling_source_extension_reference_uses_its_declaring_facade ... ok
test classpath_unbound_callable_ref_e2e::source_extension_reference_accepts_a_classpath_receiver ... ok
test classpath_value_class_default_e2e::suspend_value_class_param_member_resolves_and_emits_cps ... ok
test classpath_value_class_member_e2e::classpath_value_class_param_member_resolves_mangled ... ok
test classpath_static_call_inference_e2e::property_type_from_a_classpath_static_call ... ok
test classpath_value_class_member_e2e::classpath_value_class_member_property_reads_through_impl_accessor ... ok
test classpath_value_class_default_e2e::value_class_ctor_default_and_data_copy ... ok
test classpath_valueclass_param_ext_e2e::valueclass_param_reified_extension_resolves ... ok
test classpath_value_class_member_e2e::operator_invoke_uses_declared_value_class_return ... ok
test classreader_e2e::reads_java_parameter_nullability_annotations ... ok
test classpath_value_class_builder_e2e::value_class_builder_trailing_lambda_resolves_and_runs ... ok
test classpath_value_class_builder_e2e::value_class_builder_trailing_lambda_resolves_through_a_star_import ... ok
test classpath_unbound_callable_ref_e2e::unbound_classpath_callables_compile_and_run ... ok
test classpath_protected_member_e2e::subclass_calls_protected_classpath_member ... ok
test classpath_value_class_param_e2e::top_level_value_class_parameters_resolve_and_run ... ok
test cli_dropin_e2e::cross_file_member_properties_keep_semantic_ir ... ok
test classpath_unbound_callable_ref_e2e::classpath_callable_references_resolve_reflection_targets ... ok
test classpath_valueclass_param_ext_e2e::valueclass_param_extension_no_explicit_type_arg ... ok
test cli_dropin_e2e::compiles_directory_to_jar_consumable_by_kotlinc ... ok
test classreader_e2e::classpath_method_code_caches ... ok
test classreader_e2e::reads_method_body_lazily ... ok
test classreader_e2e::assembler_round_trips_real_bytecode ... ok
test cli_dropin_e2e::cross_file_object_inferred_return_element_resolves ... ok
test closure_in_class_e2e::closure_mutates_var_in_property_init ... ok
test closure_in_class_e2e::lambda_calls_instance_method ... ok
test closure_in_class_e2e::lambda_captures_instance_field ... ok
test classreader_e2e::reads_real_javac_class ... ok
test closure_in_class_e2e::qualified_vararg_member_call_uses_selected_signature ... ok
test closure_in_class_e2e::non_this_lambda_in_base_ctor_arg ... ok
test closure_in_class_e2e::require_with_message_lambda_in_init ... ok
test closure_in_class_e2e::vararg_member_call_in_closure ... ok
test collection_members_e2e::build_map_put_statement_discards_nullable_previous_value ... ok
test collection_members_e2e::for_over_list ... ok
test collection_members_e2e::list_extension_members ... ok
test collection_members_e2e::list_size_and_index ... ok
test collection_members_e2e::numeric_reduction_extensions_by_element_type ... ok
test collection_members_e2e::numeric_reductions_cover_element_types_and_average ... ok
test collection_special_member_stub_e2e::collection_barrier_provenance_survives_source_interface ... ok
test collection_special_member_stub_e2e::collection_size_reachable_through_interface ... ok
test collection_special_member_stub_e2e::list_barriers_keep_contains_and_index_neutral_results ... ok
test cli_dropin_e2e::cross_file_destructuring ... ok
test cli_dropin_e2e::cross_file_class_construct_and_property_read ... ok
test collection_special_member_stub_e2e::map_key_bridges_handle_wrong_type_and_null ... ok
test collection_special_member_stub_e2e::mutable_collection_remove_bridge_handles_wrong_type_and_null ... ok
test common::scratch_tests::concurrent_scratch_allocations_are_unique ... ok
test common::scratch_tests::own_pid_is_not_dead ... ok
test common::scratch_tests::reaped_pid_is_dead ... ok
test common::scratch_tests::scratch_dirs_live_under_the_private_root ... ok
test common::scratch_tests::scratch_owner_accepts_only_reserved_root_names ... ok
test common::scratch_tests::stale_sweep_is_limited_to_private_roots ... ok
test companion_const_e2e::companion_const_bare_and_qualified_agree ... ok
test collection_special_member_stub_e2e::ordinary_generic_contains_bridge_keeps_checkcast_semantics ... ok
test collection_special_member_stub_e2e::map_keys_bridge_uses_interface_return_type ... ok
test companion_const_e2e::companion_const_int_and_string ... ok
test companion_const_e2e::companion_const_read ... ok
test companion_const_e2e::companion_const_with_method ... ok
test companion_const_e2e::user_type_shadows_builtin_companion_const ... ok
test companion_cross_file_property_e2e::cross_file_companion_computed_property_read ... ok
test companion_cross_file_property_e2e::cross_file_companion_class_typed_property_read ... ok
test companion_const_e2e::companion_const_read_unqualified_from_member ... ok
test companion_cross_file_property_e2e::cross_file_companion_const_read ... ok
test companion_cross_file_property_e2e::cross_file_companion_computed_property_write_uses_the_same_storage_plan ... ok
test companion_cross_file_property_e2e::cross_file_companion_jvm_field_property_read ... ok
test companion_cross_file_property_e2e::cross_file_companion_plain_property_read ... ok
test companion_e2e::a_private_member_of_an_unrelated_class_stays_inaccessible ... ok
test companion_e2e::a_nested_class_reaches_the_outer_class_private_member ... ok
test companion_e2e::a_private_property_keeps_its_source_written_setter ... ok
test companion_cross_file_property_e2e::cross_file_companion_var_read ... ok
test companion_e2e::companion_methods_run ... ok
test companion_e2e::companion_method_shares_name_with_instance_method_of_different_arity ... ok
test companion_e2e::companion_reaches_the_outer_class_private_var ... ok
test companion_e2e::computed_companion_property_reads_outside_a_qualified_receiver ... ok
test cli_dropin_e2e::cross_file_nullable_generic_return_remains_null_safe ... ok
test companion_e2e::property_inferred_from_generic_companion_method ... ok
test companion_e2e::companion_property_custom_accessors_run ... ok
test companion_member_read_e2e::companion_read_from_companion_method ... ok
test companion_member_read_e2e::companion_read_from_outer_method ... ok
test companion_member_read_e2e::companion_read_from_nested_class ... ok
test companion_member_read_e2e::companion_read_from_init_and_lambda ... ok
test companion_member_read_e2e::companion_read_in_scope_lambda ... ok
test companion_member_read_e2e::inner_companion_vs_outer_member_boundary ... ok
test companion_member_read_e2e::innermost_companion_property_wins ... ok
test companion_member_read_e2e::boundary_companion_method_and_value_stay_skipped ... ok
test companion_member_read_e2e::member_companion_collision_stays_rejected ... ok
test companion_non_const_prop_e2e::companion_non_const_val ... ok
test companion_member_read_e2e::private_companion_prop_cross_class_still_rejected ... ok
test cli_dropin_e2e::cross_file_object_member_call_lowers ... ok
test companion_supertype_e2e::companion_extends_default_param_base_runs ... ok
test companion_supertype_e2e::companion_implements_interface ... ok
test companion_member_read_e2e::corpus_companion_access_box_ok ... ok
test companion_supertype_e2e::companion_extends_no_arg_base_runs ... ok
test companion_supertype_e2e::companion_used_as_its_interface_value ... ok
test companion_toplevel_property_e2e::companion_own_property_shadows_toplevel ... ok
test companion_toplevel_property_e2e::companion_incdec_toplevel_var ... ok
test companion_toplevel_property_e2e::companion_reads_private_toplevel_val ... ok
test companion_toplevel_property_e2e::companion_reads_delegated_toplevel_val ... ok
test companion_toplevel_property_e2e::companion_reads_public_toplevel_val ... ok
test companion_toplevel_property_e2e::companion_reads_toplevel_const ... ok
test companion_toplevel_property_e2e::companion_reads_and_writes_private_toplevel_var ... ok
test companion_toplevel_property_e2e::outer_instance_property_does_not_shadow_toplevel_in_companion ... ok
test companion_toplevel_property_e2e::companion_shadowed_toplevel_write_is_rejected_not_misbound ... ok
test cli_dropin_e2e::cross_file_top_level_function_and_property ... ok
test comparison_under_operands_e2e::inline_branching_element_does_not_splice_over_a_held_array ... ok
test comparison_under_operands_e2e::array_literal_and_array_set_elements_are_comparisons ... ok
test comparison_under_operands_e2e::array_subscript_spills_a_try_instead_of_holding_the_array ... ok
test cli_dropin_e2e::cross_module_object_as_value ... ok
test cli_dropin_e2e::cross_file_value_class_property_read_uses_mangled_getter ... ok
test compare_to_zero_branch_e2e::all_relations_against_zero ... ok
test comparison_under_operands_e2e::vararg_elements_cover_every_comparison_arm ... ok
test comparison_under_operands_e2e::vararg_elements_are_comparisons ... ok
test comparison_under_operands_e2e::primitive_spread_builder_elements_are_comparisons ... ok
test computed_prop_e2e::computed_property_getter_reads_sibling_file_property ... ok
test comparison_under_operands_e2e::reference_spread_builder_elements_are_comparisons ... ok
test computed_prop_generic_return_e2e::computed_getter_keeps_direct_nullable_scalar_tparam_unsupported ... ok
test compound_index_assign_e2e::plain_compound_index_assign_still_works ... ok
test compound_member_assign_lhs_caching_e2e::function_result_receiver_evaluated_once ... ok
test computed_prop_e2e::computed_property_getter_reads_toplevel_property ... ok
test compound_member_assign_lhs_caching_e2e::property_getter_receiver_evaluated_once ... ok
test computed_prop_e2e::computed_properties_run ... ok
test compound_index_assign_e2e::side_effecting_index_evaluated_once ... ok
test computed_prop_generic_return_e2e::computed_getter_retry_converges_same_class_chain ... ok
test computed_prop_generic_return_e2e::computed_getter_substitutes_inherited_generic_member ... ok
test compound_index_assign_e2e::side_effecting_receiver_evaluated_once ... ok
test const_constantvalue_e2e::const_field_has_constantvalue_and_no_clinit ... ok
test computed_prop_generic_return_e2e::computed_getter_substitutes_nested_generic_property_shapes ... ok
test const_read_inline_e2e::const_read_is_inlined_no_getstatic_in_box ... ok
test computed_prop_generic_return_e2e::computed_getter_substitutes_source_generic_member_direct_use ... ok
test const_read_inline_e2e::const_read_runs ... ok
test const_val_e2e::const_concat_at_use_site ... ok
test const_val_e2e::same_file_const_read ... ok
test computed_prop_generic_return_e2e::cross_file_primitive_property_safe_call_descriptor ... ok
test const_read_inline_e2e::int_const_read_runs ... ok
test computed_prop_generic_return_e2e::cross_file_generic_member_write_roundtrip ... ok
test computed_prop_generic_return_e2e::computed_getter_substitutes_source_generic_member ... ok
test context_function_type_e2e::applicable_callable_wins_between_local_function_and_property ... ok
test context_function_type_e2e::constructor_context_lambda_uses_implicit_receiver ... ok
test construction_default_arg_e2e::construction_valued_default_omitted ... ok
test context_function_type_e2e::context_and_value_params_flatten ... ok
test context_function_type_e2e::context_and_extension_receivers_are_implicit ... ok
test context_function_type_e2e::context_extension_lambda_return_uses_implicit_receivers ... ok
test computed_prop_generic_return_e2e::cross_file_generic_member_read_uses_erased_accessor ... ok
test computed_prop_generic_return_e2e::computed_property_keeps_classpath_generic_return_arg ... ok
test context_function_type_e2e::local_function_context_lambda_uses_implicit_receiver ... ok
test context_function_type_e2e::local_overload_requires_available_context ... ok
test context_function_type_e2e::multiple_context_receivers_are_implicit ... ok
test context_function_type_e2e::non_inline_context_lambda_materializes_implicit_receiver ... ok
test context_function_type_e2e::non_inline_multiple_context_and_extension_receivers_materialize ... ok
test context_function_type_e2e::invoked_suspend_context_and_extension_of_same_type_use_distinct_storage ... ok
test context_function_type_e2e::context_receiver_on_extension_function_type ... ok
test context_function_type_e2e::plain_function_converts_to_context_function_type ... ok
test context_function_type_e2e::suspend_context_lambda_materializes_implicit_receiver ... ok
test context_function_type_e2e::sibling_generic_member_calls_keep_erased_return_descriptors ... ok
test context_function_type_e2e::typed_context_extension_lambda_initializer_uses_implicit_receivers ... ok
test context_local_fun_e2e::contextual_local_fun_and_top_level_fun ... ok
test context_function_type_e2e::typed_context_lambda_initializer_uses_implicit_receiver ... ok
test context_local_fun_e2e::contextual_local_function ... ok
test context_local_fun_e2e::contextual_local_fun_with_type_param ... ok
test context_local_fun_e2e::same_name_with_local_value_parameter ... ok
test context_function_type_e2e::overloaded_cross_file_context_lambda_is_target_typed ... ok
test context_parameters_e2e::context_local_default_cannot_bind_same_named_caller_local ... ok
test context_parameters_e2e::context_from_local_value ... ok
test context_parameters_e2e::context_forwarded_through_enclosing_context ... ok
test context_parameters_e2e::context_local_positional_default_cannot_bind_same_named_caller_local ... ok
test context_parameters_e2e::context_from_with_receiver ... ok
test context_parameters_e2e::context_local_function_maps_named_argument_past_default ... ok
test context_parameters_e2e::context_local_function_maps_reordered_named_arguments ... ok
test context_function_type_e2e::source_context_shape_is_not_mixed_with_classpath_encoding ... ok
test context_parameters_e2e::context_top_level_function_maps_named_argument_past_default ... ok
test context_parameters_e2e::context_top_level_function_maps_reordered_named_arguments ... ok
test construction_default_arg_e2e::suspend_service_with_construction_default_compiles ... ok
test context_parameters_e2e::implicit_receiver_member_shadows_top_level ... ok
test context_parameters_e2e::inapplicable_nearest_member_does_not_hide_member_extension ... ok
test context_parameters_e2e::member_extension_uses_nearest_applicable_dispatch_receiver ... ok
test context_parameters_e2e::member_extension_uses_nearest_implicit_extension_receiver ... ok
test context_function_type_e2e::trailing_lambda_uses_context_receiver_implicitly ... ok
test contract_calls_in_place_e2e::inline_member_exactly_once_lambda_initializes_val_field ... ok
test contract_erasure_e2e::contract_calls_in_place_is_erased ... ok
test context_parameters_e2e::nearer_dispatch_member_extension_beats_inapplicable_outer_member ... ok
test contract_calls_in_place_e2e::non_inline_exactly_once_lambda_writes_captured_var_in_init ... ok
test contract_erasure_e2e::local_contract_function_shadows_imported_intrinsic ... ok
test contract_erasure_e2e::contract_returns_implies_is_erased ... ok
test contract_smartcast_e2e::check_not_null_lambda_overload_narrows_the_argument ... ok
test contract_smartcast_e2e::alias_imported_contract_still_narrows ... ok
test contract_smartcast_e2e::check_not_null_narrows_the_argument ... ok
test contract_erasure_e2e::user_defined_contract_function_is_not_erased ... ok
test contract_smartcast_e2e::is_empty_on_nullable_receiver_stays_rejected ... ok
test contract_smartcast_e2e::de_morgan_then_branch_narrows ... ok
test contract_smartcast_e2e::local_require_not_null_does_not_apply_stdlib_contract ... ok
test contract_smartcast_e2e::negated_is_narrows_else_branch ... ok
test contract_smartcast_e2e::is_null_or_blank_false_branch_narrows ... ok
test contract_smartcast_e2e::nested_safe_call_narrows_root_receiver ... ok
test contract_smartcast_e2e::require_not_null_narrows_the_argument ... ok
test contract_smartcast_e2e::require_not_null_result_is_non_null ... ok
test contract_smartcast_e2e::or_condition_false_branch_narrows ... ok
test contract_smartcast_e2e::not_is_null_or_empty_narrows_both_receivers ... ok
test contract_metadata_roundtrip_e2e::context_parameter_contract_round_trip_cross_module ... ok
test contract_smartcast_e2e::safe_call_non_null_result_narrows_receiver ... ok
test context_function_type_e2e::context_call_keeps_classpath_map_not_null_element ... ok
test contract_smartcast_e2e::require_with_contract_condition_narrows ... ok
test contract_metadata_roundtrip_e2e::deserialized_contract_smart_casts_with_call_site_type_args ... ok
test contract_metadata_roundtrip_e2e::cross_module_inline_reified_call_lowers ... ok
test contract_smartcast_e2e::safe_call_null_result_else_narrows_receiver ... ok
test contract_smartcast_e2e::user_is_null_or_empty_does_not_apply_stdlib_contract ... ok
test contract_smartcast_e2e::var_safe_call_receiver_does_not_narrow ... ok
test contract_smartcast_e2e::while_condition_narrows_the_body ... ok
test contract_smartcast_e2e::var_receiver_does_not_narrow ... ok
test contract_smartcast_e2e::while_narrowing_does_not_leak_past_the_loop ... ok
test contract_smartcast_e2e::while_contract_condition_narrows_the_body ... ok
test coroutine_intrinsics_e2e::leaf_suspend_unintercepted_or_return_and_coroutine_suspended ... ok
test contract_user_e2e::returns_false_implies_param_not_null_smart_casts_in_else_branch ... ok
test coroutine_intrinsics_e2e::coroutine_suspended_as_a_plain_value ... ok
test contract_user_e2e::returns_implies_actual_smart_casts_the_argument_expression ... ok
test contract_user_e2e::returns_true_implies_receiver_is_smart_casts_in_then_branch ... ok
test coroutine_intrinsics_e2e::inferred_covariant_context_override_gets_supertype_bridge ... ok
test coroutine_intrinsics_e2e::passed_function_value_splices_into_inline_let ... ok
test coroutine_intrinsics_e2e::start_coroutine_runs_a_suspend_lambda ... ok
test coroutine_intrinsics_e2e::suspend_fn_type_cast_targets_arity_plus_one_interface ... ok
test coroutine_intrinsics_e2e::string_if_empty_selects_the_charsequence_overload ... ok
test coroutine_intrinsics_e2e::suspend_in_an_if_expression_into_a_captured_var_skips_without_a_convention ... ok
test coroutine_intrinsics_e2e::suspend_coroutine_unintercepted_reads_its_continuation ... ok
test coroutine_intrinsics_e2e::suspend_call_behind_a_safe_call_is_seen_as_a_suspension ... ok
test coroutine_intrinsics_e2e::suspend_in_an_if_expression_into_a_local_runs ... ok
test coroutine_intrinsics_e2e::suspend_in_an_if_statement_condition_into_a_captured_var_runs ... ok
test coroutine_intrinsics_e2e::suspend_fn_entry_has_no_param_null_check ... ok
test coroutine_intrinsics_e2e::suspend_inline_operator_compare_to_in_suspend_lambda_reaches_the_inline_gate ... ok
test coroutine_intrinsics_e2e::suspend_lambda_writes_captured_var_with_state_machine_result ... ok
test coroutine_intrinsics_e2e::suspend_operator_compare_to_convention_is_a_suspension_point ... ok
test coroutine_intrinsics_e2e::suspend_operator_invoke_with_local_receiver ... ok
test coroutine_intrinsics_e2e::suspend_inline_operator_plus_in_suspend_lambda_reaches_the_inline_gate ... ok
test coroutine_intrinsics_e2e::suspend_inline_operator_plus_assign_in_suspend_lambda_reaches_the_inline_gate ... ok
test cross_file_ctor_default_e2e::cross_file_base_class_resolves_as_module_symbol ... ok
test cross_file_ctor_default_e2e::cross_file_interface_resolves_as_module_symbol ... ok
test cross_file_companion_fun_e2e::cross_file_companion_function_call_runs ... ok
test coroutine_intrinsics_e2e::suspend_operator_get_convention_is_a_suspension_point ... ok
test cross_file_ctor_default_e2e::cross_file_top_level_default_before_trailing_lambda ... ok
test cross_file_ctor_default_e2e::cross_file_super_ctor_char_defaults_keep_utf16_code_units ... ok
test coroutine_intrinsics_e2e::unit_suspend_fn_returns_intrinsic_value_not_unit ... ok
test cross_file_ctor_default_e2e::cross_file_top_level_default_uses_selected_decl ... ok
test cross_file_ctor_default_e2e::cross_file_ctor_default_does_not_panic ... ok
test coroutine_intrinsics_e2e::suspend_operator_plus_assign_convention_is_a_suspension_point ... ok
test cross_file_inline_call_e2e::contract_and_tail_return_inline_fun_called_cross_file ... ok
test cross_file_inline_call_e2e::cross_file_bound_ref_to_emitted_inline_extension_executes ... ok
test cross_file_inline_call_e2e::cross_file_ref_to_unemitted_inline_fn_names_the_reason ... ok
test coroutine_intrinsics_e2e::suspend_operator_plus_convention_is_a_suspension_point ... ok
test cross_file_inline_call_e2e::cross_file_adapted_ref_to_unemitted_inline_fn_names_the_reason ... ok
test cross_file_inline_call_e2e::fun_typed_variable_arg_to_cross_file_inline ... ok
test cross_file_inline_call_e2e::cross_file_unbound_ref_to_emitted_inline_extension_executes ... ok
test cross_file_inline_call_e2e::generic_inline_fun_called_cross_file ... ok
test cross_file_inline_call_e2e::checker_only_pipeline_cross_file_ref_to_plain_fn_stays_clean ... ok
test cross_file_inline_call_e2e::generic_inline_extension_with_fun_params_called_cross_file ... ok
test cross_file_inline_call_e2e::inline_fun_constructing_sealed_nested_class_cross_file ... ok
test cross_file_inline_call_e2e::cross_file_ref_to_emitted_fns_stays_clean ... ok
test cross_file_inline_call_e2e::callable_ref_arg_in_cross_file_inline_call_still_rejects ... ok
test cross_file_inline_call_e2e::mutable_capture_in_cross_file_inline_lambda_still_rejects ... ok
test cross_file_inline_call_e2e::local_contract_shadow_executes_in_cross_file_inline_facade ... ok
test cross_file_inline_call_e2e::reified_inline_extension_cross_file_still_rejects ... ok
test cross_file_inline_call_e2e::reified_value_parameter_inline_extension_cross_file_still_rejects ... ok
test cross_file_inline_call_e2e::return_in_lambda_arg_body_inline_fun_cross_file_still_rejects ... ok
test cross_file_inline_call_e2e::stored_lambda_body_inline_fun_cross_file_still_rejects ... ok
test cross_file_inline_call_e2e::non_local_return_in_cross_file_inline_lambda_still_rejects ... ok
test cross_file_inline_call_e2e::inline_extension_lambda_param_forwarded_through_splice ... ok
test cross_file_inline_call_e2e::same_file_inline_still_splices ... ok
test cross_file_inline_call_e2e::plain_inline_fun_called_cross_file ... ok
test cross_file_inline_call_e2e::suspend_extension_cross_file_executes ... ok
test cross_file_inline_call_e2e::suspend_operator_compare_to_convention_cross_file_still_skips_in_an_if_condition ... ok
test cross_file_inline_call_e2e::suspend_operator_compare_to_convention_cross_file_runs_outside_an_if_condition ... ok
test cross_file_inline_call_e2e::try_body_inline_fun_cross_file_still_rejects ... ok
test cross_file_inline_call_e2e::suspend_inline_extension_cross_file_executes ... ok
test cross_file_inline_call_e2e::suspend_extension_cross_file_with_suspension_point_executes ... ok
test cross_file_inline_call_e2e::unrelated_package_contract_name_does_not_shadow_intrinsic ... ok
test cross_file_inline_call_e2e::suspend_operator_get_convention_cross_file_executes ... ok
test cross_file_inline_call_e2e::suspend_operator_plus_assign_convention_cross_file_executes ... ok
test cross_file_inline_call_e2e::value_class_signature_inline_fun_cross_file_still_rejects ... ok
test ctor_numeric_widening_e2e::a_module_constructor_accepts_an_integer_in_a_long_parameter ... ok
test cross_file_inline_call_e2e::value_class_receiver_inline_extension_cross_file_still_rejects ... ok
test ctor_numeric_widening_e2e::an_exact_constructor_overload_still_wins_over_the_widened_one ... ok
test cross_file_operator_e2e::cross_file_inline_extension_operators_keep_callable_bodies ... ok
test cross_file_operator_e2e::cross_file_source_extension_unary_and_increment_operators_run ... ok
test data_class_metadata_wiring_e2e::class_with_constant_body_property_is_byte_identical ... ok
test ctor_numeric_widening_e2e::a_classpath_constructor_accepts_an_integer_in_a_long_parameter ... ok
test data_class_metadata_wiring_e2e::all_primitive_types_class_is_byte_identical ... ok
test codegen_host_e2e::codegen_host_runs_real_processor_from_jar_with_multiround ... ok
test cli_dropin_e2e::ctor_omitted_non_const_default_uses_init_default ... ok
test data_class_metadata_wiring_e2e::class_with_method_parameter_is_byte_identical ... ok
test data_class_metadata_wiring_e2e::class_with_ctor_param_and_body_property_is_byte_identical ... ok
test data_class_metadata_wiring_e2e::class_delegating_to_a_private_dependency_is_byte_identical ... ok
test data_class_metadata_wiring_e2e::class_with_ref_ctor_param_and_string_body_property_is_byte_identical ... ok
test data_class_metadata_wiring_e2e::class_with_nullable_body_property_is_byte_identical ... ok
test data_class_metadata_wiring_e2e::data_class_boolean_char_is_byte_identical ... ok
test data_class_metadata_wiring_e2e::data_class_charsequence_field_is_byte_identical ... ok
test data_class_metadata_wiring_e2e::data_class_emits_metadata_debug_tables_and_annotations ... ok
test data_class_metadata_wiring_e2e::data_class_concrete_class_field_is_byte_identical ... ok
test data_class_metadata_wiring_e2e::class_with_property_and_method_is_byte_identical ... ok
test data_class_metadata_wiring_e2e::data_class_double_float_is_byte_identical ... ok
test data_class_metadata_wiring_e2e::data_class_generic_collection_field_is_byte_identical ... ok
test data_class_metadata_wiring_e2e::data_class_all_primitive_kinds_is_byte_identical ... ok
test data_class_metadata_wiring_e2e::class_with_string_body_property_is_byte_identical ... ok
test data_class_metadata_wiring_e2e::data_class_generic_map_field_is_byte_identical ... ok
test data_class_metadata_wiring_e2e::data_class_mixed_record_with_nullable_class_field_is_byte_identical ... ok
test data_class_metadata_wiring_e2e::data_class_multi_mixed_is_byte_identical ... ok
test data_class_metadata_wiring_e2e::data_class_multi_property_nullable_reference_is_byte_identical ... ok
test data_class_metadata_wiring_e2e::class_with_var_body_property_is_byte_identical ... ok
test data_class_metadata_wiring_e2e::data_class_mixed_primitive_string_class_field_is_byte_identical ... ok
test data_class_metadata_wiring_e2e::data_class_multi_reference_is_byte_identical ... ok
test data_class_metadata_wiring_e2e::data_class_nested_data_class_field_is_byte_identical ... ok
test data_class_metadata_wiring_e2e::class_with_two_constant_body_properties_is_byte_identical ... ok
test data_class_metadata_wiring_e2e::data_class_nullable_concrete_class_field_is_byte_identical ... ok
test data_class_metadata_wiring_e2e::data_class_nullable_first_primitive_is_byte_identical ... ok
test data_class_metadata_wiring_e2e::data_class_nullable_primitive_field_is_byte_identical ... ok
test data_class_metadata_wiring_e2e::concrete_suspend_method_continuation_is_named_completion ... ok
test data_class_metadata_wiring_e2e::data_class_single_nullable_reference_is_byte_identical ... ok
test data_class_metadata_wiring_e2e::data_class_two_class_fields_is_byte_identical ... ok
test data_class_metadata_wiring_e2e::generic_class_is_byte_identical ... ok
test data_class_metadata_wiring_e2e::enum_is_byte_identical ... ok
test data_class_metadata_wiring_e2e::interface_abstract_method_parameter_is_byte_identical ... ok
test data_class_metadata_wiring_e2e::interface_is_byte_identical ... ok
test data_class_metadata_wiring_e2e::interface_with_member_is_byte_identical ... ok
test data_class_metadata_wiring_e2e::interface_with_property_is_byte_identical ... ok
test data_class_metadata_wiring_e2e::interface_with_var_property_is_byte_identical ... ok
test data_class_metadata_wiring_e2e::data_class_mixed_nullable_primitive_is_byte_identical ... ok
test data_class_metadata_wiring_e2e::multi_property_mixed_nullability_is_byte_identical ... ok
test data_class_metadata_wiring_e2e::multiline_constructor_property_line_table_is_byte_identical ... ok
test data_class_metadata_wiring_e2e::data_class_multi_primitive_is_byte_identical ... ok
test data_class_metadata_wiring_e2e::method_header_interns_before_its_body ... ok
test data_class_metadata_wiring_e2e::multiline_signature_expression_body_is_byte_identical ... ok
test data_class_metadata_wiring_e2e::nonnull_ref_param_past_slot3_is_byte_identical ... ok
test data_class_metadata_wiring_e2e::nullable_reference_parameter_on_interface_is_byte_identical ... ok
test data_class_metadata_wiring_e2e::nullable_reference_parameter_is_byte_identical ... ok
test data_class_metadata_wiring_e2e::nullable_primitive_class_is_byte_identical ... ok
test data_class_metadata_wiring_e2e::data_class_nullable_generic_collection_field_is_byte_identical ... ok
test data_class_metadata_wiring_e2e::object_is_byte_identical ... ok
test data_class_metadata_wiring_e2e::private_body_property_is_byte_identical ... ok
test data_class_metadata_wiring_e2e::private_ctor_property_is_byte_identical ... ok
test data_class_metadata_wiring_e2e::plain_generic_collection_property_is_byte_identical ... ok
test data_class_metadata_wiring_e2e::data_class_single_primitive_is_byte_identical ... ok
test data_class_metadata_wiring_e2e::seven_int_aggregate_shape_is_byte_identical ... ok
test data_class_metadata_wiring_e2e::single_string_holder_shape_is_byte_identical ... ok
test data_class_metadata_wiring_e2e::string_template_is_byte_identical ... ok
test data_class_metadata_wiring_e2e::suspend_interface_member_is_byte_identical ... ok
test data_class_metadata_wiring_e2e::generic_list_property_with_default_metadata_byte_identical ... ok
test data_class_metadata_wiring_e2e::suspend_tail_forward_returns_object_verbatim ... ok
test data_class_metadata_wiring_e2e::two_int_result_shape_is_byte_identical ... ok
test data_class_metadata_wiring_e2e::suspend_returning_nullable_value_class_is_byte_identical ... ok
test data_class_metadata_wiring_e2e::data_class_custom_class_field_is_byte_identical ... ok
test data_class_metadata_wiring_e2e::val_int_class_is_byte_identical ... ok
test data_class_param_check_e2e::all_val_ok ... ok
test data_class_param_check_e2e::all_var_ok ... ok
test data_class_param_check_e2e::mixed_val_and_plain_rejected ... ok
test data_class_param_check_e2e::mixed_val_var_ok ... ok
test data_class_param_check_e2e::non_data_class_plain_param_ok ... ok
test data_class_param_check_e2e::plain_param_rejected ... ok
test data_class_metadata_wiring_e2e::var_long_class_is_byte_identical ... ok
test data_class_metadata_wiring_e2e::is_prefixed_property_accessors_are_byte_identical ... ok
test data_copy_e2e::data_class_copy_on_implicit_receiver_runs ... ok
test data_class_metadata_wiring_e2e::value_class_return_member_is_byte_identical ... ok
test data_class_metadata_wiring_e2e::value_class_parameter_member_is_byte_identical ... ok
test dataclass_hash_and_sam_e2e::data_class_keeps_declared_equals ... ok
test data_copy_e2e::data_class_copy_runs ... ok
test data_object_e2e::data_object_cases_are_matchable_and_distinct ... ok
test dataclass_hash_and_sam_e2e::data_class_float_field_hashcode ... ok
test data_object_e2e::data_object_tostring_is_the_bare_simple_name ... ok
test deep_class_bail_reason_e2e::enum_entry_custom_property_reports_shape_gate ... ok
test decl_body_on_next_line_e2e::interface_with_where_clause_no_body ... ok
test dataclass_hash_and_sam_e2e::lambda_to_void_sam ... ok
test deep_class_bail_reason_e2e::enum_external_supertype_reports_unavailable_obligations ... ok
test deep_class_bail_reason_e2e::generic_enum_entry_override_reports_erasure_gate ... ok
test decl_body_on_next_line_e2e::function_block_body_on_next_line ... ok
test deep_class_bail_reason_e2e::suspend_covariant_override_reports_erasure_gate ... ok
test deep_class_bail_reason_e2e::suspend_lambda_in_class_member_reports_gate ... ok
test deep_expression_nesting_check::beyond_depth_guard_annotation_value_nesting_degrades_on_two_mib_stack ... ok
test data_class_metadata_wiring_e2e::nullable_reference_class_is_byte_identical ... ok
test decl_body_on_next_line_e2e::abstract_fun_no_body_still_bodiless ... ok
test deep_class_bail_reason_e2e::user_class_name_cannot_impersonate_an_anonymous_object ... ok
test deep_expression_nesting_check::beyond_depth_guard_block_nesting_degrades_on_two_mib_stack ... ok
test deep_expression_nesting_check::beyond_depth_guard_generic_type_nesting_degrades_on_two_mib_stack ... ok
test deep_expression_nesting_check::beyond_depth_guard_paren_nesting_degrades_on_two_mib_stack ... ok
test deep_expression_nesting_check::beyond_depth_guard_paren_type_nesting_degrades_on_two_mib_stack ... ok
test deep_expression_nesting_check::deep_generic_type_nesting_parses_on_two_mib_stack ... ok
test deep_expression_nesting_check::beyond_depth_guard_block_nesting_never_emits_on_two_mib_stack ... ok
test deep_expression_nesting_check::beyond_depth_guard_chain_degrades_on_two_mib_stack ... ok
test deep_expression_nesting_check::deep_block_nesting_compiles_on_two_mib_stack ... ok
test deep_expression_nesting_check::deep_label_chain_parses_on_two_mib_stack ... ok
test deep_expression_nesting_check::deep_inferred_return_chain_preinfers_on_two_mib_stack ... ok
test deep_expression_nesting_check::deep_paren_nesting_parses_on_two_mib_stack ... ok
test deep_expression_nesting_check::deep_paren_type_nesting_compiles_on_two_mib_stack ... ok
test deep_expression_nesting_check::deep_left_leaning_boolean_chain_compiles_on_two_mib_stack ... ok
test deep_expression_nesting_check::deep_nested_class_nesting_parses_on_two_mib_stack ... ok
test deep_expression_nesting_check::mixed_statement_and_declaration_nesting_shares_one_guard_on_two_mib_stack ... ok
test deep_nested_type_e2e::nested_class_resolves_own_nested_type ... ok
test data_class_metadata_wiring_e2e::sealed_class_is_byte_identical ... ok
test deep_expression_nesting_check::deep_nested_call_chain_inside_guard_compiles_on_two_mib_stack ... ok
test deep_class_bail_reason_e2e::gated_corpus_cases_report_precise_class_lower_bail ... ok
test deep_expression_nesting_check::beyond_depth_guard_class_nesting_degrades_on_two_mib_stack ... ok
test default_args_member_e2e::inherited_default_args_run ... ok
test default_args_synthetic_e2e::non_const_default_omitted ... ok
test default_args_member_e2e::member_default_args_run ... ok
test default_args_synthetic_e2e::two_non_const_defaults_both_omitted ... ok
test default_import_resolution_e2e::ambiguous_star_imports_are_rejected_like_kotlinc ... ok
test default_args_synthetic_e2e::non_const_default_provided_not_run ... ok
test default_args_synthetic_e2e::int_non_const_default_omitted ... ok
test default_import_resolution_e2e::explicit_import_makes_it_resolve ... ok
test default_args_synthetic_e2e::default_references_earlier_parameter ... ok
test default_import_resolution_e2e::explicit_import_resolves_the_star_ambiguity ... ok
test default_import_resolution_e2e::files_may_resolve_the_same_simple_name_through_different_imports ... ok
test default_import_resolution_e2e::non_default_package_type_needs_import ... ok
test default_import_resolution_e2e::one_files_import_does_not_leak_into_another_file ... ok
test deferred_val_init_e2e::deferred_val_assigned_in_branches ... ok
test deferred_val_init_e2e::deferred_val_reference_type ... ok
test deferred_val_init_e2e::deferred_val_with_diverging_branch ... ok
test data_class_metadata_wiring_e2e::suspend_member_returning_a_value_is_byte_identical ... ok
test definitely_non_null_type_e2e::bounded_generic_vararg_before_trailing_lambda_is_packed ... ok
test definitely_non_null_type_e2e::concrete_secondary_beats_an_incompatible_generic_function_primary ... ok
test definitely_non_null_type_e2e::contravariant_constructor_function_input_does_not_widen_binding ... ok
test definitely_non_null_type_e2e::constructor_inference_merges_repeated_type_parameter_occurrences ... ok
test default_import_resolution_e2e::java_util_star_import_resolves_mapped_collection_types ... ok
test definitely_non_null_type_e2e::contravariant_only_constructor_constraint_is_retained ... ok
test definitely_non_null_type_e2e::dnn_constructor_parameter_uses_explicit_type_argument ... ok
test definitely_non_null_type_e2e::dnn_cast_throws_npe_on_null ... ok
test definitely_non_null_type_e2e::dnn_function_return_and_param ... ok
test definitely_non_null_type_e2e::dnn_property_type ... ok
test definitely_non_null_type_e2e::generic_function_constructor_still_requires_a_function_argument ... ok
test definitely_non_null_type_e2e::inferred_nullable_constructor_type_is_retained_for_member_reads ... ok
test definitely_non_null_type_e2e::intersection_requires_type_parameter_and_any_rhs ... ok
test definitely_non_null_type_e2e::inferred_constructor_type_argument_respects_upper_bound ... ok
test definitely_non_null_type_e2e::constructor_inference_merges_bare_and_nested_type_parameter_occurrences ... ok
test default_import_resolution_e2e::generic_collection_typealiases_resolve_bare ... ok
test definitely_non_null_type_e2e::nullable_any_upper_bound_accepts_null ... ok
test definitely_non_null_type_e2e::repeated_constructor_constraints_can_meet_at_semantic_upper_bound ... ok
test definitely_non_null_type_e2e::nullable_contravariant_only_function_property_is_substituted ... ok
test definitely_non_null_type_e2e::nullable_arguments_infer_source_function_type_parameters ... ok
test definitely_non_null_type_e2e::source_function_type_arguments_respect_dnn_and_upper_bounds ... ok
test definitely_non_null_type_e2e::non_null_top_level_extension_property_rejects_nullable_receiver ... ok
test definitely_non_null_type_e2e::symbolic_getter_inference_keeps_merged_nullable_constructor_binding ... ok
test data_class_metadata_wiring_e2e::value_class_body_property_is_byte_identical ... ok
test delegated_local_prop_e2e::local_delegated_var_runs ... ok
test delegated_local_prop_e2e::local_delegated_val_runs ... ok
test dep_resolution::coroutines_directive_fetches_runtime ... ok
test dep_resolution::with_stdlib_resolves_kotlin_test ... ok
test delegated_member_prop_e2e::member_delegated_val_runs ... ok
test delegate_by_lazy_e2e::top_level_val_by_lazy ... ok
test delegated_prop_e2e::delegated_property_inferred_type_in_clinit ... ok
test delegated_prop_e2e::delegated_property_runs ... ok
test delegated_member_prop_e2e::member_delegated_var_runs ... ok
test destructure_e2e::destructuring_non_component_type_is_rejected ... ok
test destructure_e2e::lambda_destructuring_parses_and_checks ... ok
test destructure_component_extension_e2e::destructure_extension_string_components ... ok
test diagnostic_duplication_e2e::base_class_member_return_annotation_reports_once ... ok
test diagnostic_duplication_e2e::member_property_annotation_reports_once ... ok
test delegate_by_lazy_e2e::member_val_by_lazy ... ok
test diagnostic_duplication_e2e::member_return_annotation_reports_once ... ok
test diagnostic_duplication_e2e::re_checked_expression_reports_once ... ok
test diagnostic_markers_e2e::markers_around_expression ... ok
test diagnostic_markers_e2e::markers_with_comma_names_and_nested ... ok
test diagnostics_match_kotlinc::resolved_but_unsupported_is_as_shapes_are_not_called_unresolved ... ok
test destructure_e2e::lambda_destructuring_runs_correctly ... ok
test destructure_component_extension_e2e::destructure_via_component_extensions ... ok
test destructure_e2e::destructuring_runs_correctly ... ok
test diverging_init_e2e::diverging_nested_class_property_initializer_runs ... ok
test diverging_lambda_e2e::labelled_return_only_lambda_runs_as_a_closure ... ok
test destructure_e2e::classpath_generic_ctor_type_args_inferred ... ok
test data_class_metadata_wiring_e2e::var_reference_class_is_byte_identical ... ok
test destructure_e2e::foreach_destructuring_runs_correctly ... ok
test diverging_init_e2e::diverging_property_initializer_runs ... ok
test diverging_lambda_e2e::throwing_lambda_passed_to_a_non_inline_function ... ok
test diverging_value_position_e2e::diverging_call_in_argument_position ... ok
test diverging_value_position_e2e::diverging_call_in_receiver_position ... ok
test diverging_value_position_e2e::diverging_statement_inside_value_block ... ok
test diverging_value_position_e2e::diverging_try_body_with_live_catch ... ok
test diverging_value_position_e2e::elvis_with_diverging_lhs_in_statement_position ... ok
test diverging_value_position_e2e::elvis_with_diverging_lhs_in_value_position ... ok
test diverging_value_position_e2e::one_diverging_branch_still_merges ... ok
test diverging_lambda_e2e::throwing_lambda_makes_a_failed_result ... ok
test diverging_value_position_e2e::safe_call_on_diverging_nothing_receiver ... ok
test diverging_value_position_e2e::diverging_try_body_handler_is_still_emitted ... ok
test diverging_value_position_e2e::safe_call_on_diverging_null_receiver ... ok
test duplicate_ctor_param_check_e2e::dup_among_three ... ok
test duplicate_ctor_param_check_e2e::no_primary_ctor_ok ... ok
test duplicate_ctor_param_check_e2e::single_param_ok ... ok
test duplicate_ctor_param_check_e2e::data_class_ok ... ok
test duplicate_ctor_param_check_e2e::distinct_params_ok ... ok
test duplicate_enum_entry_check_e2e::adjacent_duplicates ... ok
test duplicate_ctor_param_check_e2e::two_val_params_same_name ... ok
test duplicate_ctor_param_check_e2e::val_and_plain_same_name ... ok
test duplicate_enum_entry_check_e2e::entries_with_args_ok ... ok
test duplicate_enum_entry_check_e2e::single_entry_ok ... ok
test duplicate_enum_entry_check_e2e::distinct_entries_ok ... ok
test duplicate_enum_entry_check_e2e::two_entries_same_name ... ok
test duplicate_param_check_e2e::no_params_ok ... ok
test duplicate_param_check_e2e::dup_among_many ... ok
test duplicate_param_check_e2e::same_name_different_functions_ok ... ok
test duplicate_param_check_e2e::three_params_one_dup ... ok
test duplicate_param_check_e2e::distinct_params_ok ... ok
test duplicate_param_check_e2e::single_param_ok ... ok
test duplicate_param_check_e2e::two_params_same_name ... ok
test dotted_extension_receiver_e2e::nested_class_dotted_extension_receiver_compiles_and_runs ... ok
test elvis_newline_continuation_e2e::newline_leading_elvis_continues_the_expression ... ok
test elvis_return_smartcast_e2e::closure_reassigned_var_is_not_narrowed ... ok
test elvis_newline_continuation_e2e::newline_leading_elvis_with_throw_fallback ... ok
test do_while_e2e::do_while_runs ... ok
test elvis_return_smartcast_e2e::corpus_kt9277_named_argument_elvis_return ... ok
test elvis_nullability_join_e2e::elvis_of_safe_takeif_and_nullable_string ... ok
test elvis_return_smartcast_e2e::elvis_return_does_not_narrow_unsigned ... ok
test diverging_value_position_e2e::diverging_sibling_of_a_branchy_argument ... ok
test elvis_return_smartcast_e2e::elvis_return_smartcasts_primitive_param_for_later_use ... ok
test elvis_return_smartcast_e2e::non_diverging_elvis_does_not_narrow ... ok
test elvis_return_smartcast_e2e::elvis_return_smartcasts_local_val_in_following_statements ... ok
test elvis_return_smartcast_e2e::elvis_nothing_call_smartcasts_for_later_use ... ok
test elvis_return_smartcast_e2e::elvis_throw_smartcasts_reference_param ... ok
test empty_loop_body_e2e::empty_while_body ... ok
test elvis_nullability_join_e2e::elvis_of_nonnull_and_nullable_same_class ... ok
test empty_loop_body_e2e::never_selected_branch_still_frames_the_merge ... ok
test enum_body_property_e2e::enum_body_const_property ... ok
test empty_loop_body_e2e::never_entered_while_emits_no_body ... ok
test enum_body_property_e2e::enum_body_property_reads_ctor_param ... ok
test enum_body_property_e2e::enum_body_var_property ... ok
test enum_constant_annotation_e2e::annotated_enum_constants_compile ... ok
test enum_constant_annotation_e2e::annotated_enum_constants_without_trailing_semicolon ... ok
test empty_loop_body_e2e::empty_for_body ... ok
test enum_constant_annotation_emit_e2e::runtime_annotation_on_enum_constant_is_emitted ... ok
test enum_constant_annotation_emit_e2e::unapplied_annotation_leaves_no_trace_on_a_plain_enum ... ok
test enum_class_signature_e2e::plain_enum_emits_self_bounded_enum_signature ... ok
test enum_class_signature_e2e::enum_with_members_still_signs ... ok
test deep_expression_nesting_check_e2e::deep_expression_nesting_survives_bounded_stack ... ok
test empty_loop_body_e2e::never_selected_when_branch_emits_no_body ... ok
test enum_body_property_e2e::unqualified_nested_type_field_resolves ... ok
test enum_body_property_e2e::enum_ctor_property_private_field_read_through_getter ... ok
test enum_ctor_default_arg_e2e::enum_mixed_default_and_explicit ... ok
test enum_entries_e2e::plain_enum_ctor_is_private_nonsynthetic_with_signature ... ok
test enum_entries_e2e::enum_emits_entries_field_and_accessor ... ok
test enum_ctor_default_arg_e2e::enum_entry_uses_default_argument ... ok
test enum_entries_e2e::enum_with_ctor_and_method_still_emits_entries ... ok
test enum_entry_property_e2e::entry_property_read_by_override ... ok
test enum_entry_named_arg_e2e::enum_entry_named_arg_with_default ... ok
test enum_entry_property_e2e::int_entry_property ... ok
test enum_entry_property_e2e::mixed_property_and_method_only_entries ... ok
test enum_generic_interface_e2e::enum_generic_interface_default_overridden ... ok
test enum_entry_named_arg_e2e::enum_entry_named_reordered_args ... ok
test enum_implements_interface_e2e::default_method_via_interface ... ok
test enum_generic_interface_e2e::enum_generic_interface_abstract_method ... ok
test enum_implements_interface_e2e::enum_level_override_via_interface ... ok
test diagnostics_match_kotlinc::cross_file_generic_diagnostic_matches_kotlinc ... ok
test enum_implements_interface_e2e::per_entry_override_via_interface ... ok
test enum_value_of_intrinsic_e2e::enum_value_of_and_values_intrinsics_run ... ok
test enum_value_of_intrinsic_e2e::enum_value_of_forwarded_through_reified_inline ... ok
test enum_value_of_intrinsic_e2e::enum_value_of_rejects_a_non_enum_type ... ok
test enum_value_of_intrinsic_e2e::enum_value_of_reified_inline_expression_body_try ... ok
test enum_value_of_intrinsic_e2e::unrelated_reified_parameter_does_not_erase_primitive_return_slot ... ok
test expected_type_propagation_e2e::function_literal_as_last_expression_in_block ... ok
test enum_value_of_intrinsic_e2e::unrelated_member_reified_parameter_does_not_erase_primitive_return_slot ... ok
test enum_vararg_e2e::enum_plain_vararg_param_body_prop ... ok
test enum_vararg_e2e::enum_vararg_val_empty ... ok
test enum_value_of_intrinsic_e2e::enum_value_of_safe_wrapper_through_reified_inline ... ok
test expected_type_propagation_e2e::function_type_from_when_branch_used ... ok
test expected_type_propagation_e2e::function_type_from_if_branches_used ... ok
test explicit_backing_field_e2e::typed_backing_field_initialized_in_init ... ok
test expr_completeness_e2e::unary_plus_runs ... ok
test explicit_backing_field_e2e::inferred_backing_field_gap_declines_without_a_java_scope_leak ... ok
test explicit_backing_field_e2e::typed_backing_field_is_visible_inside_owner ... ok
test ext_on_subtype_receiver_e2e::base_extension_on_user_subtype ... ok
test ext_on_subtype_receiver_e2e::base_extension_on_classpath_subtype ... ok
test ext_receiver_tparam_binding_e2e::lambda_param_binds_from_receiver_type_args ... ok
test extension_property_e2e::aliased_extension_property_import_selects_declaration ... ok
test extension_property_e2e::cross_file_unit_extension_property_uses_value_descriptors ... ok
test extension_property_e2e::extension_property_on_bare_type_param_receiver ... ok
test extension_default_args_e2e::extension_default_arg_omitted_named_and_supplied ... ok
test expr_completeness_e2e::return_in_expression_position_runs ... ok
test extension_property_e2e::extension_property_on_primitive_this ... ok
test ext_receiver_tparam_binding_e2e::same_named_extension_on_other_class_does_not_bind ... ok
test extension_property_e2e::extension_property_on_string ... ok
test ext_receiver_tparam_binding_e2e::plain_extensions_unaffected ... ok
test extension_property_e2e::extension_property_type_param_bound_scopes_accessor ... ok
test extension_property_e2e::extension_property_user_class_bare_member ... ok
test extension_property_e2e::extension_property_with_own_type_param ... ok
test extension_property_e2e::member_extension_receiver_inference_is_cross_file_order_independent ... ok
test extension_property_e2e::same_precedence_extension_properties_are_ambiguous ... ok
test extension_fun_e2e::extension_functions_run ... ok
test facade_emission_e2e::class_only_file_emits_no_facade ... ok
test extension_property_e2e::nullable_and_generic_extension_properties_accept_nullable_receivers ... ok
test facade_emission_e2e::object_only_file_emits_no_facade ... ok
test facade_emission_e2e::top_level_function_emits_facade ... ok
test facade_emission_e2e::top_level_property_emits_facade ... ok
test extension_property_e2e::string_length_member_precedes_extension_property ... ok
test extension_property_e2e::private_extension_properties_are_file_scoped ... ok
test feature_box_e2e::lambda_shadowed_outer_var_does_not_allocate_ref_cell ... ok
test feature_coverage_a_e2e::data_class_copy ... ok
test feature_coverage_a_e2e::data_class_equals_hashcode_tostring ... ok
test feature_coverage_a_e2e::enum_constructor_param_and_method ... ok
test feature_coverage_a_e2e::data_class_destructuring_and_component ... ok
test feature_coverage_a_e2e::generic_function ... ok
test feature_coverage_a_e2e::enum_values_valueof_ordinal_name ... ok
test feature_coverage_a_e2e::generic_class_holding_value ... ok
test extension_property_e2e::member_extension_property_resolution ... ok
test feature_coverage_a_e2e::when_over_enum_subject ... ok
test extension_property_e2e::extension_receiver_writes_lower_from_the_selected_implicit_receiver ... ok
test feature_coverage_a_e2e::sealed_hierarchy_exhaustive_when ... ok
test feature_coverage_a_e2e::when_with_ranges_and_in ... ok
test feature_coverage_b_e2e::extension_fun_and_property ... ok
test extension_property_e2e::imported_extension_property_keeps_declaration_identity ... ok
test feature_coverage_a_e2e::sealed_smart_cast_object_arm ... ok
test feature_coverage_a_e2e::enum_entries ... ok
test feature_coverage_b_e2e::extension_on_stdlib_type ... ok
test feature_coverage_b_e2e::null_safety ... ok
test feature_coverage_b_e2e::higher_order_and_it ... ok
test feature_coverage_b_e2e::closure_captures_local ... ok
test feature_coverage_b_e2e::null_smart_cast ... ok
test extension_property_e2e::member_extension_classpath_members ... ok
test feature_coverage_b_e2e::operator_compare_to ... ok
test feature_coverage_c_e2e::elvis_chain_and_bang_bang ... ok
test feature_coverage_c_e2e::multi_catch_selects_right_arm ... ok
test feature_coverage_b_e2e::list_ops ... ok
test feature_coverage_c_e2e::nested_if_as_expression ... ok
test feature_coverage_b_e2e::map_and_set ... ok
test feature_coverage_b_e2e::string_templates ... ok
test feature_coverage_b_e2e::operator_plus_and_get ... ok
test feature_coverage_b_e2e::list_filter_map ... ok
test feature_coverage_c_e2e::safe_cast_with_fallback ... ok
test feature_coverage_c_e2e::when_expression_assigned_to_val ... ok
test feature_coverage_c_e2e::when_multiple_values_per_arm ... ok
test feature_coverage_c_e2e::try_catch_finally_value_from_try ... ok
test feature_coverage_c_e2e::nested_loops_labeled_break_continue ... ok
test feature_coverage_c_e2e::try_catch_recovers_and_finally_runs ... ok
test feature_coverage_c_e2e::when_no_subject_boolean_arms ... ok
test feature_coverage_c_e2e::nested_try_inner_catch ... ok
test feature_coverage_d_e2e::abstract_class_polymorphic_dispatch ... ok
test feature_coverage_d_e2e::companion_object_factory_and_const ... ok
test feature_coverage_c_e2e::range_step_and_downto_and_until ... ok
test feature_coverage_d_e2e::lateinit_var ... ok
test feature_coverage_d_e2e::nested_class ... ok
test feature_coverage_d_e2e::custom_getter ... ok
test feature_coverage_c_e2e::range_membership_in_and_not_in ... ok
test feature_coverage_d_e2e::interface_default_method_and_multiple_interfaces ... ok
test feature_coverage_d_e2e::open_class_override_method_and_property_and_super ... ok
test feature_coverage_c_e2e::while_and_do_while_values ... ok
test feature_coverage_d_e2e::constructor_delegation_this ... ok
test feature_coverage_e_e2e::default_and_named_args ... ok
test feature_coverage_d_e2e::secondary_constructor_and_init_order ... ok
test feature_coverage_e_e2e::scope_also ... ok
test feature_coverage_d_e2e::object_declaration_singleton_state ... ok
test feature_coverage_e_e2e::inline_noninline_body ... ok
test feature_coverage_e_e2e::lambda_with_receiver ... ok
test feature_coverage_e_e2e::inline_with_lambda ... ok
test feature_coverage_e_e2e::local_function_capture ... ok
test feature_coverage_e_e2e::scope_let ... ok
test feature_coverage_e_e2e::scope_apply ... ok
test feature_coverage_e_e2e::scope_with ... ok
test feature_coverage_g_e2e::boolean_ops_precedence ... ok
test feature_coverage_e_e2e::scope_run ... ok
test feature_coverage_e_e2e::for_over_map_destructure ... ok
test feature_coverage_e_e2e::varargs_spread ... ok
test feature_coverage_g_e2e::char_literals_and_escapes ... ok
test feature_coverage_e_e2e::varargs_plain ... ok
test feature_coverage_g_e2e::increment_decrement ... ok
test feature_coverage_g_e2e::captured_narrow_incdec_expression ... ok
test feature_coverage_g_e2e::float_arithmetic_and_compare ... ok
test feature_coverage_g_e2e::bitwise_int ... ok
test feature_coverage_g_e2e::bitwise_long ... ok
test feature_coverage_g_e2e::int_division_and_remainder ... ok
test feature_coverage_g_e2e::char_arithmetic_and_compare ... ok
test feature_coverage_g_e2e::int_literal_forms ... ok
test feature_coverage_g_e2e::long_literals ... ok
test feature_coverage_g_e2e::float_double_literals ... ok
test feature_coverage_g_e2e::raw_string_trim_indent ... ok
test feature_coverage_g_e2e::string_escapes ... ok
test feature_coverage_g_e2e::negative_literals ... ok
test feature_coverage_g_e2e::integer_overflow_wrap ... ok
test feature_coverage_h_e2e::long_comparisons_and_double_nan ... ok
test feature_coverage_g_e2e::type_conversions ... ok
test feature_coverage_h_e2e::elvis_and_safe_call_chains ... ok
test feature_coverage_h_e2e::adjacent_loops_verify ... ok
test feature_coverage_h_e2e::generic_function_returning_generic ... ok
test feature_coverage_h_e2e::arrays_arrayof_and_iteration ... ok
test feature_coverage_h_e2e::long_double_arithmetic_and_promotion ... ok
test feature_coverage_h_e2e::smart_cast_chains ... ok
test feature_coverage_h_e2e::string_building_loop_and_stringbuilder ... ok
test feature_coverage_h_e2e::when_supertype_unification ... ok
test feature_coverage_h_e2e::nested_generics_box_and_list ... ok
test feature_coverage_h_e2e::primitive_arrays_read_write ... ok
test feature_coverage_h_e2e::non_local_return_and_foreach ... ok
test feature_coverage_i_e2e::ubyte_and_ushort_comparison_is_unsigned ... ok
test feature_coverage_h_e2e::tailrec_function ... ok
test feature_coverage_i_e2e::ubyte_and_ushort ... ok
test feature_coverage_h_e2e::two_dimensional_arrays ... ok
test feature_coverage_i_e2e::ubyte_and_ushort_interpolate_unsigned ... ok
test feature_coverage_i_e2e::uint_comparison ... ok
test feature_coverage_h_e2e::bit_ops_with_arithmetic ... ok
test feature_coverage_i_e2e::ubyte_and_ushort_conversions ... ok
test feature_coverage_i_e2e::ubyte_and_ushort_arithmetic_promotes_to_uint ... ok
test feature_coverage_i_e2e::ubyte_and_ushort_inc_dec_wrap_in_representation ... ok
test feature_coverage_i_e2e::uint_conversions ... ok
test feature_coverage_i_e2e::uint_overflow_wrap ... ok
test feature_coverage_i_e2e::uint_array ... ok
test feature_coverage_i_e2e::unsigned_in_when ... ok
test feature_coverage_i_e2e::uint_literal_and_arithmetic ... ok
test feature_coverage_i_e2e::unsigned_literal_takes_the_expected_type ... ok
test feature_coverage_i_e2e::ulong_literal_and_arithmetic ... ok
test feature_coverage_i_e2e::value_class_construct_read ... ok
test feature_coverage_i_e2e::value_class_implements_interface ... ok
test feature_coverage_i_e2e::value_class_member_function ... ok
test feature_coverage_i_e2e::value_class_nullable ... ok
test feature_coverage_i_e2e::value_class_arithmetic_and_pass ... ok
test feature_coverage_i_e2e::value_class_wrapping_string ... ok
test feature_coverage_i_e2e::value_class_returned ... ok
test feature_coverage_i_e2e::value_class_as_map_key ... ok
test feature_coverage_j_e2e::leaf_suspend_returns_value ... ok
test feature_coverage_i_e2e::value_class_boxed_at_generic_boundary ... ok
test feature_coverage_j_e2e::suspend_if_branch_around_suspend_calls ... ok
test feature_coverage_i_e2e::widened_ubyte_and_ushort_box_as_int ... ok
test feature_coverage_j_e2e::suspend_for_range_loop_with_suspend_call ... ok
test feature_coverage_j_e2e::nested_suspend_call ... ok
test feature_coverage_j_e2e::sequential_suspend_calls_accumulate ... ok
test feature_coverage_j_e2e::suspend_loop_with_suspend_call ... ok
test feature_coverage_j_e2e::suspend_function_type_parameter_invoked ... ok
test feature_coverage_j_e2e::suspend_returns_boolean ... ok
test feature_coverage_j_e2e::suspend_param_used_after_suspension ... ok
test feature_coverage_j_e2e::suspend_returns_string ... ok
test feature_coverage_k_e2e::custom_getvalue_member_val ... ok
test feature_coverage_k_e2e::custom_delegate_typed_thisref ... ok
test feature_coverage_k_e2e::custom_delegate_reads_property_name ... ok
test feature_coverage_k_e2e::custom_getset_member_var ... ok
test feature_coverage_k_e2e::custom_getvalue_top_level_int ... ok
test feature_coverage_j_e2e::suspend_returns_long ... ok
test feature_coverage_j_e2e::try_catch_around_suspend_call ... ok
test feature_coverage_j_e2e::suspend_when_branch_around_suspend_calls ... ok
test feature_coverage_k_e2e::generic_custom_delegate ... ok
test feature_coverage_k_e2e::interface_delegation_partial_override ... ok
test feature_coverage_k_e2e::interface_delegation_with_added_method ... ok
test feature_coverage_k_e2e::interface_delegation_val_property ... ok
test feature_coverage_k_e2e::multiple_interface_delegation_val_props ... ok
test feature_coverage_k_e2e::multiple_interface_delegation_partial_override ... ok
test feature_coverage_l_e2e::list_flatten_join ... ok
test feature_coverage_l_e2e::list_associate ... ok
test feature_coverage_l_e2e::list_grouping_and_partition ... ok
test feature_coverage_l_e2e::list_sorted_by ... ok
test feature_coverage_l_e2e::list_slice_and_reorder ... ok
test feature_coverage_l_e2e::list_map_filter_flatmap ... ok
test feature_coverage_l_e2e::list_indexed_and_notnull ... ok
test feature_coverage_l_e2e::list_fold_sum_aggregate ... ok
test feature_coverage_l_e2e::string_pad_and_repeat ... ok
test feature_coverage_l_e2e::sequence_pipeline ... ok
test feature_coverage_l_e2e::map_transform ... ok
test feature_coverage_l_e2e::list_predicates_and_access ... ok
test feature_coverage_m_e2e::anonymous_object_implementing_interface_captures_local ... ok
test feature_coverage_l_e2e::list_zip_chunked_windowed ... ok
test feature_coverage_m_e2e::bound_class_ref_on_instance ... ok
test feature_coverage_l_e2e::map_basic_access ... ok
test feature_coverage_l_e2e::set_operations ... ok
test feature_coverage_m_e2e::class_ref_simple_name_and_identity ... ok
test feature_coverage_l_e2e::string_substring_replace_predicates ... ok
test feature_coverage_l_e2e::string_split_join_case ... ok
test feature_coverage_m_e2e::sam_conversion_lambda_to_fun_interface ... ok
test feature_coverage_m_e2e::sam_conversion_to_java_runnable ... ok
test feature_coverage_m_e2e::property_reference_get_and_name ... ok
test feature_coverage_m_e2e::user_annotation_declared_and_applied ... ok
test feature_coverage_m_e2e::bound_instance_method_reference ... ok
test feature_coverage_m_e2e::jvm_static_and_jvm_name_on_companion_members ... ok
test feature_coverage_n_e2e::bounded_type_param_comparable ... ok
test feature_coverage_m_e2e::function_type_variable_invoke_and_equality ... ok
test feature_coverage_m_e2e::constructor_reference_as_factory ... ok
test feature_coverage_n_e2e::custom_exception_message ... ok
test feature_coverage_m_e2e::unbound_member_reference_user_method ... ok
test feature_coverage_n_e2e::exception_hierarchy_catch_base ... ok
test feature_coverage_n_e2e::generic_class_multiple_params ... ok
test feature_coverage_n_e2e::finally_runs_both_paths ... ok
test feature_coverage_m_e2e::top_fun_reference_passed_as_lambda ... ok
test feature_coverage_n_e2e::generic_function_explicit_type_args ... ok
test feature_coverage_n_e2e::reified_class_name ... ok
test feature_coverage_n_e2e::rethrow_in_catch ... ok
test feature_coverage_n_e2e::nested_generic_map ... ok
test feature_coverage_n_e2e::return_inside_try_with_finally ... ok
test feature_coverage_n_e2e::nested_try_catch ... ok
test feature_coverage_n_e2e::generic_constraint_at_call_site ... ok
test feature_coverage_n_e2e::result_is_success ... ok
test feature_coverage_n_e2e::run_catching_get_or_else ... ok
test feature_coverage_n_e2e::reified_is_check ... ok
test feature_coverage_n_e2e::variance_out_and_in ... ok
test feature_coverage_n_e2e::where_clause_single_bound ... ok
test feature_coverage_n_e2e::try_as_expression ... ok
test feature_coverage_n_e2e::run_catching_get_or_null ... ok
test feature_coverage_n_e2e::where_clause_two_bounds ... ok
test feature_coverage_n_e2e::star_projection ... ok
test feature_coverage_o_e2e::also_apply_chaining ... ok
test feature_coverage_o_e2e::inline_extension_builtins ... ok
test feature_coverage_o_e2e::inline_crossinline ... ok
test feature_coverage_o_e2e::inline_noinline ... ok
test feature_coverage_o_e2e::inline_non_local_return ... ok
test feature_coverage_o_e2e::inline_lambda_returns_value ... ok
test feature_coverage_o_e2e::inline_lambda_varied ... ok
test feature_coverage_o_e2e::inline_extension_user_type ... ok
test feature_coverage_o_e2e::inline_reified_class_name ... ok
test feature_coverage_o_e2e::inline_nested ... ok
test feature_coverage_o_e2e::inline_property_getter ... ok
test feature_coverage_o_e2e::run_non_local_return ... ok
test feature_coverage_o_e2e::inline_reified_is ... ok
test feature_coverage_o_e2e::inline_two_lambdas ... ok
test feature_coverage_o_e2e::stdlib_repeat ... ok
test feature_coverage_p_e2e::chained_safe_calls ... ok
test feature_coverage_o_e2e::stdlib_take_if_unless ... ok
test feature_coverage_p_e2e::if_when_try_as_nested_expressions ... ok
test feature_coverage_p_e2e::default_args_skipped_middle ... ok
test feature_coverage_p_e2e::destructuring_in_val_and_component_functions ... ok
test feature_coverage_p_e2e::destructuring_in_for_loop ... ok
test feature_coverage_p_e2e::lambda_explicit_param_types ... ok
test feature_coverage_p_e2e::labeled_loops_and_this_at_label ... ok
test feature_coverage_p_e2e::destructuring_in_lambda_params ... ok
test feature_coverage_p_e2e::nullable_safe_calls_and_elvis ... ok
test feature_coverage_o_e2e::stdlib_scope_functions ... ok
test feature_coverage_p_e2e::local_val_explicit_type_and_branch_inference ... ok
test feature_coverage_p_e2e::multi_statement_lambda ... ok
test feature_coverage_p_e2e::string_templates_this_and_escaped_dollar ... ok
test feature_coverage_p_e2e::named_args_reordered ... ok
test feature_coverage_p_e2e::string_templates_nested_and_calls ... ok
test feature_coverage_p_e2e::qualified_this_in_nested_class ... ok
test feature_coverage_p_e2e::when_comma_conditions_and_mixed_is_in ... ok
test feature_coverage_p_e2e::infix_functions_and_method_chain_newlines ... ok
test feature_coverage_p_e2e::trailing_lambda_with_other_args ... ok
test feature_coverage_p_e2e::when_widened_subject_boxes_every_primitive_comparand ... ok
test feature_coverage_p_e2e::vararg_named_and_spread_in_middle ... ok
test feature_coverage_q_e2e::value_class_default_param ... ok
test feature_coverage_q_e2e::value_class_companion_function ... ok
test feature_coverage_p_e2e::when_returning_unit ... ok
test feature_coverage_p_e2e::when_subject_capture ... ok
test feature_coverage_q_e2e::value_class_equality_hashcode_tostring ... ok
test feature_coverage_q_e2e::value_class_in_when_is ... ok
test feature_coverage_q_e2e::value_class_computed_property ... ok
test feature_coverage_q_e2e::value_class_init_validation ... ok
test feature_coverage_q_e2e::value_class_in_data_class_field ... ok
test feature_coverage_q_e2e::value_class_generic_function ... ok
test feature_coverage_q_e2e::value_class_nested_wrapping ... ok
test feature_coverage_r_e2e::companion_implementing_interface ... ok
test feature_coverage_r_e2e::companion_jvmstatic ... ok
test feature_coverage_q_e2e::value_class_return_used_in_arithmetic ... ok
test feature_coverage_r_e2e::companion_member_unqualified_from_instance ... ok
test feature_coverage_r_e2e::data_class_equals_hashcode ... ok
test feature_coverage_q_e2e::value_class_string_underlying_member ... ok
test feature_coverage_q_e2e::value_class_list_element_access ... ok
test feature_coverage_r_e2e::anonymous_object_with_state ... ok
test feature_coverage_q_e2e::value_class_polymorphic_interface ... ok
test feature_coverage_r_e2e::data_class_many_fields_copy_destructure ... ok
test feature_coverage_r_e2e::enum_exhaustive_when ... ok
test feature_coverage_r_e2e::enum_abstract_method_per_entry ... ok
test feature_coverage_r_e2e::enum_implementing_interface ... ok
test feature_coverage_r_e2e::enum_reflection_members ... ok
test feature_coverage_r_e2e::enum_comparison_ordering ... ok
test feature_coverage_r_e2e::object_expression_multiple_supertypes ... ok
test feature_coverage_r_e2e::sealed_with_generic_param ... ok
test feature_coverage_r_e2e::data_class_map_key_and_sort ... ok
test feature_coverage_r_e2e::sealed_interface_exhaustive_when ... ok
test feature_coverage_r_e2e::nested_sealed_hierarchy ... ok
test feature_coverage_r_e2e::sealed_class_data_subtypes_smartcast ... ok
test feature_coverage_r_e2e::typealias_in_signatures_and_bodies ... ok
test feature_coverage_s_e2e::mutual_recursion_between_suspend_funs ... ok
test feature_coverage_s_e2e::suspend_calls_generic_suspend_fun ... ok
test feature_coverage_s_e2e::for_and_while_loops_each_with_multiple_suspend_calls ... ok
test feature_coverage_s_e2e::many_locals_spilled_across_suspensions ... ok
test feature_coverage_s_e2e::deeply_nested_suspend_calls ... ok
test feature_coverage_s_e2e::suspend_extension_function_on_user_type ... ok
test feature_coverage_s_e2e::suspend_lambda_param_invoked_in_loop ... ok
test feature_coverage_s_e2e::suspend_returns_value_class ... ok
test feature_coverage_s_e2e::suspend_returns_data_class ... ok
test feature_coverage_t_e2e::elvis_and_safe_call_chains ... ok
test feature_coverage_t_e2e::error_and_todo_intrinsics ... ok
test feature_coverage_s_e2e::suspend_when_returns_from_multiple_arms ... ok
test feature_coverage_s_e2e::tail_forward_with_early_returns_boxes_them ... ok
test feature_coverage_s_e2e::try_finally_around_suspension ... ok
test feature_coverage_t_e2e::compound_assign_array_elements ... ok
test feature_coverage_t_e2e::inc_dec_property_and_array ... ok
test feature_coverage_t_e2e::compound_assign_scalars ... ok
test feature_coverage_t_e2e::for_over_chars_and_reversed_range ... ok
test feature_coverage_t_e2e::compound_assign_map_and_list ... ok
test feature_coverage_t_e2e::nested_when_returning_values ... ok
test feature_coverage_t_e2e::long_bit_ops_and_shifts ... ok
test feature_coverage_t_e2e::require_check_intrinsics ... ok
test feature_coverage_t_e2e::smart_cast_through_null_and_and ... ok
test feature_coverage_t_e2e::mutable_map_plus_assign_map_mutates_val ... ok
test feature_coverage_t_e2e::labeled_return_from_nested_lambda ... ok
test feature_coverage_t_e2e::for_until_step_and_withindex ... ok
test feature_coverage_t_e2e::when_value_with_call_subject_and_guard ... ok
test feature_coverage_t_e2e::nullable_arithmetic_and_bang_bang ... ok
test feature_coverage_u_e2e::implicit_inline_value_class_member_keeps_receiver_representation ... ok
test feature_coverage_t_e2e::smart_cast_through_when_and_is ... ok
test feature_coverage_t_e2e::plus_assign_operator_overload ... ok
test feature_coverage_t_e2e::while_and_do_while_break_continue ... ok
test feature_coverage_u_e2e::inline_deeply_nested ... ok
test feature_coverage_u_e2e::inline_early_return_before_lambda ... ok
test feature_coverage_u_e2e::inline_crossinline_from_nested_lambda ... ok
test feature_coverage_u_e2e::inline_lambda_and_regular_params_control_flow ... ok
test feature_coverage_t_e2e::string_and_char_helpers ... ok
test feature_coverage_u_e2e::inline_lambda_nonlocal_return_from_when ... ok
test feature_coverage_u_e2e::inline_lambda_throw ... ok
test feature_coverage_u_e2e::inline_lambda_try_catch ... ok
test feature_coverage_u_e2e::inline_lambda_try_finally ... ok
test feature_coverage_u_e2e::inline_lambda_nonlocal_return_from_loop ... ok
test feature_coverage_u_e2e::inline_lambda_loop_break_continue ... ok
test feature_coverage_u_e2e::inline_lambda_captures_multiple ... ok
test feature_coverage_u_e2e::inline_member_does_not_expose_private_backing_field ... ok
test feature_coverage_u_e2e::inline_lambda_when ... ok
test feature_coverage_u_e2e::inline_member_generic_class_substitution ... ok
test feature_coverage_u_e2e::inline_member_reads_function_property ... ok
test feature_coverage_u_e2e::inline_member_uses_selected_overload ... ok
test feature_coverage_u_e2e::inline_multiple_lambdas_conditional ... ok
test feature_coverage_u_e2e::inline_lambda_nested_lambdas ... ok
test feature_coverage_u_e2e::inline_object_and_companion_members ... ok
test feature_coverage_u_e2e::inline_member_lambdas_share_mutable_caller_state ... ok
test feature_coverage_u_e2e::inline_value_class_member_uses_unboxed_receiver ... ok
test feature_coverage_u_e2e::inline_member_lambda_nonlocal_return ... ok
test feature_coverage_u_e2e::safe_inline_member_call_uses_non_null_receiver ... ok
test feature_coverage_u_e2e::inline_multiple_lambdas_in_loop ... ok
test feature_coverage_u_e2e::inline_noinline_passed_onward ... ok
test feature_coverage_u_e2e::inline_large_body_many_locals ... ok
test feature_coverage_v_e2e::destructure_data_class_from_fn ... ok
test feature_coverage_v_e2e::char_range_and_contains ... ok
test feature_coverage_v_e2e::lateinit_and_isinitialized ... ok
test feature_coverage_v_e2e::generic_companion_factory ... ok
test feature_coverage_v_e2e::multi_catch_hierarchies ... ok
test feature_coverage_v_e2e::destructure_nested_in_loop ... ok
test feature_coverage_v_e2e::list_of_pairs_nested_generics ... ok
test feature_coverage_v_e2e::named_default_vararg_mix ... ok
test feature_coverage_v_e2e::long_range_step_until ... ok
test feature_coverage_v_e2e::map_of_list_values ... ok
test feature_coverage_v_e2e::nested_recursion ... ok
test feature_coverage_v_e2e::operator_rangeto_user_type ... ok
test feature_coverage_v_e2e::try_finally_alters_control ... ok
test feature_coverage_u_e2e::stdlib_foreach_associate_chain ... ok
test feature_coverage_v_e2e::string_trim_and_repeat ... ok
test feature_coverage_v_e2e::operators_get_set_invoke_contains ... ok
test feature_coverage_u_e2e::stdlib_collection_hofs_chained ... ok
test feature_coverage_v_e2e::operators_arithmetic_compare_range ... ok
test feature_coverage_v_e2e::string_chunked_and_compare ... ok
test feature_coverage_v_e2e::when_sealed_with_guard ... ok
test feature_coverage_v_e2e::when_value_multi_type ... ok
test feature_coverage_v_e2e::receiver_lambda_and_dsl_builder ... ok
test feature_coverage_v_e2e::vararg_spread_forwarding ... ok
test feature_coverage_w_e2e::nullable_value_class_boxes ... ok
test feature_coverage_w_e2e::large_when_over_int_switch ... ok
test feature_coverage_w_e2e::bit_operations_int_and_long ... ok
test feature_coverage_w_e2e::increment_decrement_in_loops ... ok
test feature_coverage_w_e2e::long_string_concatenation ... ok
test feature_coverage_w_e2e::mixed_width_arithmetic_conversions ... ok
test feature_coverage_w_e2e::list_of_value_class_boxes_elements ... ok
test feature_coverage_w_e2e::compound_assignment_array_and_field ... ok
test feature_coverage_w_e2e::uint_conversions ... ok
test feature_coverage_w_e2e::ulong_arithmetic_large_literal ... ok
test feature_coverage_w_e2e::value_class_implements_interface ... ok
test feature_coverage_w_e2e::uint_arithmetic_and_comparison ... ok
test feature_coverage_w_e2e::uint_range_loop ... ok
test feature_coverage_w_e2e::value_class_arg_and_return ... ok
test feature_coverage_w_e2e::two_dimensional_array ... ok
test feature_coverage_w_e2e::value_class_in_when_and_if ... ok
test feature_coverage_x_e2e::companion_const_and_factory ... ok
test feature_coverage_w_e2e::suspend_call_chain ... ok
test feature_coverage_x_e2e::declaration_site_variance ... ok
test feature_coverage_x_e2e::data_class_generated_members ... ok
test feature_coverage_w_e2e::value_class_member_fun_and_property ... ok
test feature_coverage_x_e2e::default_params_many_kinds ... ok
test feature_coverage_x_e2e::generic_fn_with_comparable_bound ... ok
test feature_coverage_x_e2e::default_param_references_prior_param ... ok
test feature_coverage_w_e2e::suspend_sequential_calls ... ok
test feature_coverage_x_e2e::generic_interface_impl ... ok
test feature_coverage_x_e2e::interface_diamond_inheritance ... ok
test feature_coverage_x_e2e::deeply_nested_generic_signatures ... ok
test feature_coverage_x_e2e::interface_default_methods ... ok
test feature_coverage_x_e2e::nullable_generic_params ... ok
test feature_coverage_x_e2e::object_singleton_state ... ok
test feature_coverage_x_e2e::function_types_as_params_and_returns ... ok
test feature_coverage_x_e2e::enum_rich_members ... ok
test feature_coverage_x_e2e::sealed_generic_type_param ... ok
test feature_coverage_x_e2e::nested_and_inner_classes ... ok
test finally_e2e::finally_return_overrides_try_return ... ok
test feature_coverage_x_e2e::receiver_function_type_in_signature ... ok
test finally_e2e::finally_runs ... ok
test feature_coverage_x_e2e::sealed_when_exhaustive ... ok
test feature_coverage_x_e2e::typealias_function_and_generic ... ok
test fn_typed_default_e2e::lambda_default_captures_earlier_parameter ... ok
test fn_typed_default_e2e::lambda_default_omitted ... ok
test fn_typed_default_e2e::unit_lambda_default_omitted ... ok
test fn_typed_default_e2e::lambda_default_provided_not_used ... ok
test float_range_nan_e2e::in_float_range_with_nan_bound_stays_correct ... ok
test float_range_nan_e2e::not_in_float_range_with_nan_bound ... ok
test for_destructuring_components_e2e::component_member_extension_requires_operator ... ok
test feature_coverage_x_e2e::roundtrip_enum_sealed_and_iface ... ok
test fn_typed_default_e2e::member_lambda_default_omitted ... ok
test for_destructuring_components_e2e::enclosing_member_extension_is_available_in_inner_class ... ok
test for_destructuring_components_e2e::inherited_charsequence_members_get_mapped_bridges ... ok
test for_destructuring_components_e2e::member_extension_precedes_top_level_extension ... ok
test for_destructuring_components_e2e::bracket_destructuring_over_with_index ... ok
test for_destructuring_components_e2e::charsequence_impl_length_stub_dispatches ... ok
test for_destructuring_components_e2e::for_destructuring_over_with_index ... ok
test for_destructuring_components_e2e::member_extension_componentn_in_for_destructuring ... ok
test feature_coverage_x_e2e::roundtrip_data_class_and_generic_fn ... ok
test for_destructuring_components_e2e::unsigned_with_index_destructures_to_value_type ... ok
test for_iterable_elvis_e2e::for_iterable_elvis_chain ... ok
test for_destructuring_components_e2e::with_index_over_custom_iterable_destructures ... ok
test for_iterable_elvis_e2e::for_iterable_elvis_default ... ok
test fq_source_typeref_e2e::fq_source_binds_the_named_package ... ok
test for_typed_loop_var_e2e::nullable_typed_loop_var_downto ... ok
test fq_source_typeref_e2e::fq_source_classifier_still_enforces_private_file_visibility ... ok
test fq_source_typeref_e2e::fq_source_extension_function_receiver ... ok
test fq_source_typeref_e2e::fq_source_extension_property_receiver ... ok
test fq_source_typeref_e2e::fq_source_generic_bound ... ok
test fq_source_typeref_e2e::fq_source_classifier_shadows_same_fqn_classpath_classifier ... ok
test fq_source_typeref_e2e::fq_source_import_nested_shadows_package_path ... ok
test fq_source_typeref_e2e::fq_source_is_check ... ok
test fq_source_typeref_e2e::fq_source_nested_class_receiver ... ok
test fq_source_typeref_e2e::fq_source_parameter_type ... ok
test fq_source_typeref_e2e::fq_source_nested_classifier_shadows_package_path ... ok
test fq_source_typeref_e2e::fq_source_property_type ... ok
test fq_source_typeref_e2e::fq_source_return_type ... ok
test fq_source_typeref_e2e::fq_source_supertype ... ok
test fq_source_typeref_e2e::fq_source_type_argument ... ok
test fq_source_typeref_e2e::fq_source_typealias_target ... ok
test fq_source_typeref_e2e::fq_source_unresolved_path_still_errors ... ok
test for_typed_loop_var_e2e::source_interface_inheriting_list_is_iterable ... ok
test fq_source_typeref_e2e::same_named_objects_and_enums_use_classifier_identity ... ok
test fq_source_typeref_e2e::source_private_nested_classifier_uses_lexical_owner_visibility ... ok
test fq_source_typeref_e2e::source_private_nested_enum_entries_preserve_classifier_access_diagnostic ... ok
test fq_source_typeref_e2e::fq_source_typerefs_compile_and_run ... ok
test fq_source_typeref_e2e::same_named_classes_in_different_packages_member_lookup ... ok
test for_typed_loop_var_e2e::source_class_inheriting_array_list_is_iterable ... ok
test fq_source_typeref_e2e::source_typealias_constructor_keeps_class_table_internally_keyed ... ok
test for_typed_loop_var_e2e::typed_loop_var_over_range ... ok
test for_typed_loop_var_e2e::typed_int_loop_var_over_array ... ok
test fq_targ_trailing_lambda_e2e::explicit_targ_static_call_retains_source_module_origin ... ok
test fq_static_call_e2e::fully_qualified_static_method_calls ... ok
test fq_static_call_e2e::fully_qualified_static_call_with_subtype_widening ... ok
test fq_ctor_call_e2e::fully_qualified_constructor_call ... ok
test fq_targ_trailing_lambda_e2e::fq_targ_trailing_lambda_checker_clean ... ok
test fq_targ_trailing_lambda_e2e::fq_targ_trailing_lambda_mid_omission_rejected ... ok
test fq_targ_trailing_lambda_e2e::fq_targ_named_arg_and_trailing_lambda_checker_clean ... ok
test fq_vararg_call_e2e::a_fully_qualified_single_argument_call_keeps_its_fixed_overload ... ok
test fq_targ_trailing_lambda_e2e::fq_targ_trailing_lambda_generic_result ... ok
test front_end_errors_e2e::argument_type_mismatch ... ok
test front_end_errors_e2e::assign_to_function_name ... ok
test front_end_errors_e2e::assignment_type_mismatch ... ok
test front_end_errors_e2e::binary_op_type_mismatch ... ok
test fq_toplevel_call_e2e::fully_qualified_top_level_call ... ok
test for_typed_loop_var_e2e::classpath_interface_inheriting_list_preserves_element_type ... ok
test front_end_errors_e2e::break_with_unresolved_label ... ok
test fq_vararg_call_e2e::a_fully_qualified_vararg_call_packs_its_trailing_arguments ... ok
test front_end_errors_e2e::exhaustive_finite_when_produces_a_value ... ok
test front_end_errors_e2e::incomplete_expression ... ok
test front_end_errors_e2e::catch_unknown_exception_type ... ok
test front_end_errors_e2e::invalid_token_sequence ... ok
test front_end_errors_e2e::condition_not_boolean ... ok
test front_end_errors_e2e::missing_function_name ... ok
test front_end_errors_e2e::missing_type_after_colon ... ok
test front_end_errors_e2e::calling_a_non_function ... ok
test front_end_errors_e2e::binary_operand_type_mismatch_in_init ... ok
test front_end_errors_e2e::member_absent_without_smart_cast ... ok
test front_end_errors_e2e::missing_when_subject_branch_type ... ok
test front_end_errors_e2e::non_exhaustive_sealed_type_lists_missing_branch ... ok
test front_end_errors_e2e::non_exhaustive_when_as_expression ... ok
test front_end_errors_e2e::non_exhaustive_enum_lists_missing_branches ... ok
test front_end_errors_e2e::non_exhaustive_when_as_statement_is_allowed ... ok
test front_end_errors_e2e::stray_closing_brace ... ok
test front_end_errors_e2e::named_arg_missing_required_parameter ... ok
test front_end_errors_e2e::named_arg_no_such_parameter ... ok
test front_end_errors_e2e::unmatched_brace ... ok
test front_end_errors_e2e::unmatched_paren ... ok
test front_end_errors_e2e::return_type_mismatch ... ok
test fq_targ_trailing_lambda_e2e::fq_assert_fails_with_message_and_trailing_lambda ... ok
test fq_targ_trailing_lambda_e2e::fq_assert_fails_with_targ_trailing_lambda ... ok
test front_end_errors_e2e::reassign_val_member ... ok
test front_end_errors_e2e::super_call_outside_class ... ok
test front_end_errors_e2e::unresolved_label_reference ... ok
test front_end_errors_e2e::unresolved_local_type_annotation_is_rejected ... ok
test front_end_errors_e2e::this_outside_class_member ... ok
test front_end_errors_e2e::unresolved_constructor_type ... ok
test front_end_errors_e2e::unresolved_function_call ... ok
test front_end_errors_e2e::val_without_initializer_or_type ... ok
test front_end_errors_e2e::unresolved_supertype ... ok
test front_end_errors_e2e::unresolved_member_access ... ok
test front_end_errors_e2e::val_reassignment ... ok
test front_end_errors_e2e::when_condition_not_comparable_to_subject ... ok
test front_end_errors_more_e2e::as_without_a_type_operand ... ok
test front_end_errors_more_e2e::catch_binding_without_a_type ... ok
test front_end_errors_e2e::unresolved_type_annotation ... ok
test front_end_errors_e2e::unresolved_variable ... ok
test front_end_errors_more_e2e::companion_object_at_top_level ... ok
test front_end_errors_more_e2e::chained_double_initializer ... ok
test front_end_errors_e2e::unresolved_method_call_on_receiver ... ok
test front_end_errors_more_e2e::dot_without_a_member_name ... ok
test front_end_errors_more_e2e::enum_class_without_a_name ... ok
test front_end_errors_more_e2e::getter_declared_with_a_parameter ... ok
test front_end_errors_e2e::when_guard_form_used_as_expression_is_unit ... ok
test front_end_errors_e2e::wrong_arity_too_many ... ok
test front_end_errors_more_e2e::interface_with_a_primary_constructor ... ok
test front_end_errors_more_e2e::interpolation_with_a_dangling_operator ... ok
test front_end_errors_more_e2e::is_without_a_type_operand ... ok
test front_end_errors_more_e2e::lambda_with_two_arrows ... ok
test front_end_errors_more_e2e::equality_between_incompatible_types ... ok
test front_end_errors_more_e2e::inequality_between_incompatible_types ... ok
test fq_targ_trailing_lambda_e2e::fq_targ_trailing_lambda_reified_checker_clean ... ok
test front_end_errors_more_e2e::integer_literal_out_of_int_range ... ok
test front_end_errors_more_e2e::object_with_a_primary_constructor ... ok
test front_end_errors_more_e2e::parameter_without_a_type ... ok
test front_end_errors_more_e2e::range_with_missing_upper_bound ... ok
test front_end_errors_more_e2e::return_at_top_level ... ok
test front_end_errors_more_e2e::multi_catch_union_type ... ok
test front_end_errors_more_e2e::duplicate_named_argument ... ok
test front_end_errors_e2e::wrong_arity_too_few ... ok
test front_end_errors_more_e2e::implicit_it_outside_a_lambda ... ok
test front_end_errors_more_e2e::safe_call_without_a_member_name ... ok
test front_end_errors_more_e2e::spread_outside_a_call_argument ... ok
test front_end_errors_more_e2e::top_level_val_without_type_or_initializer ... ok
test front_end_errors_more_e2e::when_with_no_branches ... ok
test front_end_errors_more_e2e::return_without_a_value_from_non_unit ... ok
test full_form_destructuring_e2e::full_form_rejected_without_feature ... ok
test front_end_errors_more_e2e::non_final_vararg_is_not_reported_as_missing ... ok
test front_end_errors_more_e2e::trailing_lambda_vararg_diagnostic_is_shared_across_source_callables ... ok
test full_form_destructuring_e2e::bracket_full_form_is_positional ... ok
test front_end_errors_more_e2e::mixed_argument_diagnostics_are_shared_across_source_callables ... ok
test full_form_destructuring_e2e::bracket_full_form_in_lambda_via_local_fun ... ok
test fun_interface_value_class_e2e::generic_sam_slot_still_carries_a_boxed_value_class ... ok
test full_form_destructuring_e2e::bracket_full_form_in_for_loop ... ok
test fun_interface_value_class_e2e::value_class_sam_parameter_passes_the_unboxed_carrier ... ok
test fun_interface_value_class_e2e::scalar_underlying_value_class_sam_round_trips ... ok
test fun_interface_value_class_e2e::value_class_sam_return_hands_back_the_unboxed_carrier ... ok
test function_type_supertype_e2e::function_type_as_type_argument_is_not_a_function_supertype ... ok
test full_form_destructuring_e2e::paren_full_form_binds_by_name_with_rename_and_var ... ok
test function_type_supertype_e2e::nullary_function_supertype_called_as_value ... ok
test function_type_supertype_e2e::object_function_supertype ... ok
test function_type_is_e2e::is_function_type_named ... ok
test function_type_is_e2e::is_nullable_function_and_primitive ... ok
test function_type_supertype_e2e::extension_receiver_function_supertype ... ok
test function_typed_property_e2e::enum_ctor_lambda_mutates_captured_var_across_nested_lambda ... ok
test function_typed_property_e2e::inner_class_captures_outer_in_super_ctor_lambda ... ok
test function_typed_property_e2e::inner_super_ctor_inline_run_captures_outer_property ... ok
test function_typed_property_e2e::inner_super_ctor_direct_lambda_captures_outer_property ... ok
test function_type_supertype_e2e::parameterised_function_supertype ... ok
test function_typed_property_e2e::top_level_super_ctor_nested_lambda_still_captures_property ... ok
test function_typed_property_e2e::enum_ctor_lambda_arg_infers_param_types ... ok
test generic_base_member_type_e2e::abstract_generic_method_return ... ok
test generic_base_member_type_e2e::abstract_generic_property_through_base_method ... ok
test generic_fn_e2e::generic_fns_run ... ok
test generic_hof_method_check::lambda_param_substitutes_primitive_receiver_type_arg ... ok
test generic_hof_method_check::lambda_param_substitutes_receiver_type_arg ... ok
test generic_hof_method_check::method_type_param_inferred_as_call_result ... ok
test function_typed_property_e2e::lambda_ctor_arg_infers_param_types_and_member_invoke ... ok
test generic_delegate_e2e::generic_delegate_reference_property ... ok
test generic_delegate_e2e::generic_delegate_var_primitive_property ... ok
test generic_fn_e2e::inherited_generic_property_specialized_to_value_class_stays_skipped ... ok
test generic_hof_vc_binding_e2e::nullable_generic_return_keeps_null ... ok
test generic_inferred_primitive_return_e2e::corpus_inline_evaluation_order_argument_of_new ... ok
test generic_fn_e2e::non_inline_generic_hof_binds_lambda_param ... ok
test generic_hof_vc_binding_e2e::vc_string_underlying_lambda_reads_value ... ok
test generic_hof_vc_binding_e2e::vc_member_and_forward_through_lambda ... ok
test generic_fn_e2e::generic_hof_method_substitution_runs ... ok
test generic_inferred_primitive_return_e2e::inferred_primitive_return_boxes_back_into_a_generic_use ... ok
test generic_fn_e2e::generic_property_substitution_runs ... ok
test generic_hof_vc_binding_e2e::vc_any_underlying_lambda_reads_value ... ok
test generic_hof_vc_binding_e2e::vc_int_underlying_lambda_reads_value ... ok
test generic_inferred_primitive_return_e2e::inferred_primitive_result_stored_and_reused ... ok
test generic_return_inference_e2e::generic_identity_explicit_return_annotation ... ok
test generic_return_inference_e2e::conflicting_bindings_do_not_miscompile ... ok
test generic_inferred_return_e2e::generic_param_inferred_return_keeps_override ... ok
test generic_signature_e2e::generic_class_constructor_gets_signature ... ok
test generic_inferred_primitive_return_e2e::inferred_primitive_return_flows_to_primitive_params ... ok
test generic_signature_e2e::generic_class_emits_class_signature ... ok
test generic_inferred_primitive_return_e2e::inferred_primitive_return_initializes_a_typed_val ... ok
test generic_inferred_primitive_return_e2e::inferred_primitive_return_works_for_long_and_double ... ok
test generic_inferred_primitive_return_e2e::lambda_only_binding_types_the_primitive ... ok
test generic_return_inference_e2e::zero_arg_lambda_return_binds_type_param ... ok
test generic_return_inference_e2e::generic_identity_reference_return_member ... ok
test generic_signature_e2e::generic_function_emits_signature ... ok
test generic_signature_e2e::nullable_type_parameter_signature_drops_nullability ... ok
test generic_signature_e2e::parameterized_base_class_emits_class_signature ... ok
test generic_signature_e2e::reference_bounded_type_param_emits_class_signature ... ok
test generic_signature_e2e::type_parameter_fields_get_field_signatures ... ok
test generic_signature_e2e::primitive_bounded_type_param_signature_uses_wrapper ... ok
test generic_signature_e2e::type_parameter_accessors_get_signatures ... ok
test generic_signature_e2e::generic_member_method_compiles_runs_and_signs ... ok
test generic_vararg_inference_e2e::vararg_args_bind_type_parameter_for_member_access ... ok
test generic_vararg_inference_e2e::generic_value_class_storage_stays_unsupported ... ok
test generic_vararg_inference_e2e::generic_vararg_spread_stays_unsupported ... ok
test generic_vararg_inference_e2e::vararg_primitive_args_still_infer ... ok
test implicit_receiver_named_args_e2e::a_named_argument_on_a_plain_member_of_the_narrowed_type ... ok
test generic_vararg_inference_e2e::vararg_value_class_args_bind_type_parameter ... ok
test implicit_receiver_named_args_e2e::a_named_argument_omitting_a_default_through_a_smart_cast_this ... ok
test implicit_receiver_named_args_e2e::a_reordering_named_argument_through_a_smart_cast_this_matches_kotlinc ... ok
test generic_static_field_e2e::generic_static_field_binds_generic_call_result_at_runtime ... ok
test implicit_this_callable_ref_e2e::implicit_this_method_refs_share_dispatch_receiver_guards ... ok
test implicit_receiver_named_args_e2e::the_explicit_and_positional_forms_still_work ... ok
test implicit_this_callable_ref_e2e::delegate_boundary_stays_skipped ... ok
test implicit_this_callable_ref_e2e::inherited_member_prop_ref ... ok
test implicit_this_callable_ref_e2e::member_prop_ref_in_super_ctor_arg_still_rejected ... ok
test implicit_this_callable_ref_e2e::implicit_refs_capture_the_scoped_extension_receiver ... ok
test generic_suspend_member_return_e2e::generic_suspend_nonnull_return_binds_receiver_type_argument ... ok
test implicit_this_callable_ref_e2e::member_prop_ref_get ... ok
test implicit_this_member_hof_lambda_e2e::implicit_this_member_hof_types_it ... ok
test implicit_this_member_hof_lambda_e2e::no_param_lambda_to_implicit_this_member_adopts_param_arity ... ok
test implicit_this_callable_ref_e2e::member_prop_ref_mutable ... ok
test generic_suspend_member_return_e2e::generic_suspend_nullable_return_binds_receiver_type_argument ... ok
test implicit_this_callable_ref_e2e::unsafe_member_prop_ref_shapes_still_rejected ... ok
test implicit_this_method_ref_e2e::implicit_this_member_function_reference ... ok
test implicit_this_callable_ref_e2e::lateinit_is_initialized_runs ... ok
test implicit_this_method_ref_e2e::implicit_this_member_function_with_arg ... ok
test imported_companion_property_e2e::imported_companion_function_properties_typecheck_in_defaults ... ok
test imported_companion_property_e2e::private_companion_property_import_is_rejected ... ok
test generic_suspend_member_return_e2e::generic_suspend_return_runs_via_runblocking ... ok
test imported_companion_property_e2e::imported_nested_companion_property_beats_unrelated_top_level ... ok
test indy_infra_e2e::invokedynamic_lambda_runs ... ok
test import_scope_conformance_e2e::imported_top_level_function_resolves_and_runs ... ok
test import_scope_conformance_e2e::imported_extension_resolves_and_runs ... ok
test implicit_this_callable_ref_e2e::outer_this_and_extension_ref_shapes_still_rejected ... ok
test inferred_computed_prop_e2e::inferred_computed_member_in_value_class ... ok
test inferred_computed_prop_e2e::inferred_computed_member ... ok
test import_scope_conformance_e2e::unimported_top_level_function_is_unresolved ... ok
test inferred_property_type_args_e2e::inferred_generic_property_keeps_type_args ... ok
test import_scope_conformance_e2e::unimported_extension_is_unresolved ... ok
test infix_newline_operand_e2e::chained_and_user_defined_infix_wrap_at_every_operator ... ok
test infix_newline_operand_e2e::a_newline_before_the_operator_still_ends_the_statement ... ok
test infix_newline_operand_e2e::an_operand_beginning_with_a_lambda_still_continues ... ok
test inheritance_e2e::subclass_inherits_and_overrides ... ok
test infix_newline_operand_e2e::infix_to_with_the_operand_on_the_next_line ... ok
test inline_deep_coverage_e2e::inline_array_in_body ... ok
test inline_deep_coverage_e2e::inline_early_return_in_body ... ok
test inline_deep_coverage_e2e::inline_default_lambda_param ... ok
test inline_deep_coverage_e2e::inline_construct_in_body ... ok
test infix_newline_operand_e2e::infix_extension_is_selected_before_a_non_infix_primitive_member ... ok
test infix_newline_operand_e2e::when_subject_declaration_with_the_initializer_on_the_next_line ... ok
test inline_deep_coverage_e2e::inline_double_param_local_return ... ok
test inline_deep_coverage_e2e::inline_is_as_in_body ... ok
test infix_newline_operand_e2e::infix_step_with_the_operand_on_the_next_line ... ok
test inline_deep_coverage_e2e::inline_float_param_return ... ok
test inline_deep_coverage_e2e::inline_five_levels_deep ... ok
test inline_deep_coverage_e2e::inline_long_compare_body ... ok
test inline_deep_coverage_e2e::inline_lambda_returns_long ... ok
test inline_deep_coverage_e2e::inline_nonlocal_return_two_frames ... ok
test inline_deep_coverage_e2e::inline_lambda_invoked_in_loop_and_after ... ok
test inline_deep_coverage_e2e::inline_loop_in_body ... ok
test inline_deep_coverage_e2e::inline_foreach_indexed ... ok
test inline_deep_coverage_e2e::inline_long_param_local_return ... ok
test inline_deep_coverage_e2e::inline_string_const_in_body ... ok
test inline_deep_coverage_e2e::inline_mixed_wide_narrow_params ... ok
test inline_deep_coverage_e2e::inline_try_catch_finally_in_body ... ok
test inline_deep_coverage_e2e::inline_noinline_stored_then_invoked ... ok
test inline_deep_coverage_e2e::inline_when_lookupswitch_body ... ok
test inline_deep_coverage_e2e::inline_when_tableswitch_body ... ok
test inline_deep_coverage_e2e::inline_reified_returns_t ... ok
test inline_deep_coverage_e2e::inline_three_arg_lambda ... ok
test inline_deep_coverage_e2e::inline_synchronized_host_handlers ... ok
test inline_deep_coverage_e2e::stdlib_associate_groupby ... ok
test inline_deep_coverage_e2e::stdlib_scope_wide_receiver ... ok
test inline_deep_coverage_e2e::stdlib_fold_long_accumulator ... ok
test inline_deep_coverage_e2e::stdlib_repeat_long_accumulator ... ok
test inline_e2e::splices_real_empty_array_body ... ok
test inline_return_bound_context_e2e::inline_bounded_return_declines_unrelated_nullable_context ... ok
test inline_deep_coverage_e2e::stdlib_predicate_family ... ok
test inline_return_bound_context_e2e::inline_bounded_return_inferred_from_nullable_context ... ok
test inline_lambda_value_return_e2e::inline_lambda_value_labeled_return_runs ... ok
test inline_deep_coverage_e2e::stdlib_map_filter_map_chain ... ok
test inline_deep_coverage_e2e::stdlib_takeif_scope_chain ... ok
test inline_splice_ldc_wide_e2e::require_inline_splice_with_large_pool_widens_ldc ... ok
test inline_end_branch_e2e::safecall_let_inside_build_list_splices_and_runs ... ok
test inline_deep_coverage_e2e::stdlib_sortedby_filternot_mapindexed ... ok
test inline_deep_coverage_e2e::stdlib_sumof_maxby_minby ... ok
test inline_vc_suspend_coverage_e2e::inline_crossinline_in_nested_lambda ... ok
test inline_vc_suspend_coverage_e2e::inline_all_scope_functions_chained ... ok
test inline_vc_suspend_coverage_e2e::inline_lambda_conditionally_not_invoked ... ok
test inline_vc_suspend_coverage_e2e::inline_extension_receiver ... ok
test inline_vc_suspend_coverage_e2e::inline_lambda_body_try_catch ... ok
test inline_vc_suspend_coverage_e2e::inline_labeled_return_from_lambda ... ok
test inline_splice_e2e::typed_bodies_are_spliced ... ok
test inline_vc_suspend_coverage_e2e::inline_local_labeled_return ... ok
test inline_vc_suspend_coverage_e2e::inline_reified_array_of_nulls ... ok
test inline_vc_suspend_coverage_e2e::inline_reified_as_cast ... ok
test inline_vc_suspend_coverage_e2e::inline_reified_class_literal ... ok
test inline_vc_suspend_coverage_e2e::inline_operator_fun ... ok
test inline_vc_suspend_coverage_e2e::inline_nested_loops_many_locals ... ok
test inline_vc_suspend_coverage_e2e::inline_vararg_param ... ok
test inline_vc_suspend_coverage_e2e::inline_result_discarded_statement ... ok
test inline_vc_suspend_coverage_e2e::inline_when_string_body ... ok
test inline_vc_suspend_coverage_e2e::labelled_return_leaves_the_lambda_not_the_function ... ok
test inline_vc_suspend_coverage_e2e::inline_two_lambda_params ... ok
test inline_vc_suspend_coverage_e2e::inline_unit_returning_lambda ... ok
test inline_vc_suspend_coverage_e2e::labelled_trailing_lambda_parses ... ok
test inline_vc_suspend_coverage_e2e::inline_nested_lambda_capture ... ok
test inline_splice_e2e::branchless_inline_fn_is_spliced_not_called ... ok
test inline_vc_suspend_coverage_e2e::suspend_in_when_rejected ... ok
test inline_vc_suspend_coverage_e2e::suspend_returns_string ... ok
test inline_vc_suspend_coverage_e2e::suspend_returns_unit_rejected ... ok
test inline_vc_suspend_coverage_e2e::vc_as_extension_receiver ... ok
test inline_vc_suspend_coverage_e2e::suspend_returns_boolean ... ok
test inline_vc_suspend_coverage_e2e::vc_as_map_value ... ok
test inline_vc_suspend_coverage_e2e::vc_boolean_underlying ... ok
test inline_vc_suspend_coverage_e2e::suspend_sequential_spill ... ok
test inline_vc_suspend_coverage_e2e::vc_double_underlying ... ok
test inline_vc_suspend_coverage_e2e::vc_implements_interface ... ok
test inline_vc_suspend_coverage_e2e::vc_as_param_and_return ... ok
test inline_vc_suspend_coverage_e2e::vc_nullable_boxing ... ok
test inline_vc_suspend_coverage_e2e::vc_through_when ... ok
test inline_vc_suspend_coverage_e2e::suspend_calls_suspend_operator ... ok
test inline_vc_suspend_coverage_e2e::vc_long_underlying ... ok
test inner_class_outer_tparam_e2e::inner_class_ctor_param_resolves_a_sibling_inner_class ... ok
test inner_class_outer_tparam_e2e::inner_class_ctor_param_uses_outer_type_param ... ok
test inline_vc_suspend_coverage_e2e::vc_computed_property ... ok
test inline_vc_suspend_coverage_e2e::vc_in_generic_list ... ok
test inner_class_construction_e2e::inner_class_with_ctor_args ... ok
test inner_class_construction_e2e::inner_class_construct_and_read_outer ... ok
test inner_class_outer_tparam_e2e::inner_class_reads_outer_type_param_in_member ... ok
test inner_class_outer_tparam_e2e::nearest_lexical_owner_wins_for_a_sibling_ctor_type ... ok
test interface_companion_e2e::interface_companion_method ... ok
test interface_companion_e2e::interface_companion_const_val ... ok
test interface_default_args_e2e::interface_method_default_arg_omitted_and_supplied ... ok
test interface_companion_e2e::interface_companion_non_const_val ... ok
test interface_companion_e2e::interface_companion_method_and_prop ... ok
test interface_default_method_e2e::default_method_reads_abstract_property ... ok
test interface_default_method_e2e::interface_default_method_inherited_and_overridden ... ok
test interface_default_property_e2e::corpus_gated_interface_property_shapes_stay_skipped ... ok
test interface_default_property_e2e::generic_override_beats_delegated_forwarder_after_erasure ... ok
test inline_vc_suspend_coverage_e2e::suspend_returns_nullable ... ok
test interface_default_property_e2e::interface_default_getter_basic ... ok
test interface_default_property_e2e::interface_default_getter_diamond_override ... ok
test interface_default_property_e2e::delegation_forwards_unoverridden_overload ... ok
test interface_default_property_e2e::interface_default_getter_from_sibling_file ... ok
test interface_default_property_e2e::interface_default_getter_indirect ... ok
test interface_default_property_e2e::interface_private_default_method_remains_supported ... ok
test interface_default_property_e2e::superclass_member_beats_interface_default ... ok
test interface_default_property_e2e::corpus_interface_default_getters_box_ok ... ok
test interface_delegation_e2e::delegation_forwards_interface_property_accessors ... ok
test interface_default_property_e2e::unsupported_interface_property_shapes_still_rejected ... ok
test interface_delegation_e2e::delegation_forwards_inherited_super_interface_methods ... ok
test interface_delegation_e2e::generic_primitive_valparam_delegation_forwards ... ok
test interface_delegation_e2e::delegation_forwards_same_name_overloads ... ok
test interface_delegation_e2e::nonval_param_multiple_delegations ... ok
test interface_delegation_e2e::generic_reference_arg_delegation_forwards ... ok
test interface_delegation_e2e::nonval_param_single_delegation ... ok
test interface_delegation_expr_e2e::delegate_expression_referencing_constructor_param ... ok
test interface_factory_function_e2e::abstract_class_applicable_ctor_still_rejected ... ok
test interface_delegation_expr_e2e::delegate_to_constructor_call_expression ... ok
test interface_delegation_expr_e2e::delegate_expression_with_class_body ... ok
test interface_factory_function_e2e::applicable_factory_precedes_applicable_companion_invoke ... ok
test interface_factory_function_e2e::constructor_preferred_when_applicable ... ok
test interface_factory_function_e2e::abstract_class_factory ... ok
test interface_factory_function_e2e::indexed_getter_returning_value_class_is_rejected_safely ... ok
test interface_factory_function_e2e::factory_wins_over_companion_object ... ok
test interface_factory_function_e2e::inapplicable_factory_falls_through_to_companion_invoke ... ok
test interface_factory_function_e2e::interface_without_factory_still_rejected ... ok
test interface_factory_function_e2e::named_args_pick_factory ... ok
test interface_factory_function_e2e::positional_and_default_args_pick_factory ... ok
test interface_factory_function_e2e::value_class_factory_preserves_scalar_carrier ... ok
test interface_factory_function_e2e::value_class_factory_composes_with_extension_call ... ok
test interface_factory_function_e2e::value_class_factory_composes_with_indexed_container ... ok
test interface_factory_function_e2e::dependency_interface_uses_source_factory ... ok
test interface_supertype_members_e2e::jvmstatic_object_member ... ok
test interface_supertype_members_e2e::named_args_to_classpath_constructor ... ok
test interface_supertype_members_e2e::inherited_interface_members_and_lambda_param ... ok
test interface_supertype_members_e2e::concrete_generic_return_keeps_type_argument ... ok
test interface_supertype_members_e2e::suspend_interface_member ... ok
test feature_box_e2e::feature_snippets_run ... ok
test invoke_operator_extension_e2e::invoke_extension_on_string_literal ... ok
test internal_classpath_access_e2e::classifier_access_diagnostics_follow_resolution_scope ... ok
test internal_classpath_access_e2e::classifier_access_diagnostics_cover_type_positions ... ok
test invoke_operator_extension_e2e::invoke_extension_on_user_type ... ok
test invoke_operator_extension_e2e::member_extension_invoke_in_with_receiver_lambda ... ok
test invoke_operator_extension_e2e::named_super_ctor_lambda_uses_its_mapped_parameter_type ... ok
test invoke_operator_extension_e2e::classpath_member_extension_is_not_exposed_as_an_ordinary_dispatch_member ... ok
test invoke_operator_extension_e2e::non_operator_top_level_extension_invoke_not_used_by_call_syntax ... ok
test invoke_operator_extension_e2e::non_operator_member_extension_invoke_not_used_by_call_syntax ... ok
test invoke_operator_extension_e2e::member_extension_invoke_in_super_ctor_receiver_lambda ... ok
test invoke_operator_extension_e2e::sibling_file_super_ctor_receiver_lambda_uses_shared_frontend_resolution ... ok
test invoke_operator_extension_e2e::secondary_super_delegation_receiver_lambda_uses_shared_resolution ... ok
test invoke_operator_extension_e2e::classpath_member_extension_resolves_in_a_plain_receiver_lambda ... ok
test invoke_operator_extension_e2e::source_suspend_member_extension_keeps_its_value_parameters ... ok
test invoke_operator_extension_e2e::classpath_super_ctor_receiver_lambda_uses_shared_resolution ... ok
test invoke_operator_extension_e2e::non_operator_classpath_member_extension_is_not_used_by_call_syntax ... ok
test invoke_operator_extension_e2e::generic_classpath_dispatch_binds_its_member_extension_receiver ... ok
test invoke_operator_lambda_arg_e2e::member_invoke_binds_a_named_lambda_parameter ... ok
test invoke_operator_lambda_arg_e2e::invoke_on_a_returned_receiver_binds_its_lambda ... ok
test invoke_operator_lambda_arg_e2e::inline_member_invoke_binds_a_trailing_lambdas_implicit_it ... ok
test invoke_operator_lambda_arg_e2e::member_invoke_binds_a_lambda_alongside_a_value_argument ... ok
test invoke_operator_lambda_arg_e2e::member_invoke_binds_a_trailing_lambdas_implicit_it ... ok
test ir_edge_coverage_e2e::double_special_values ... ok
test ir_edge_coverage_e2e::char_arithmetic ... ok
test ir_edge_coverage_e2e::bit_operations ... ok
test ir_edge_coverage_e2e::companion_and_object_expression ... ok
test ir_edge_coverage_e2e::arrays_2d_and_copy ... ok
test invoke_operator_extension_e2e::inherited_classpath_member_extension_uses_the_common_dispatch_hierarchy ... ok
test invoke_operator_extension_e2e::suspend_classpath_member_extension_is_a_suspension_point ... ok
test ir_edge_coverage_e2e::float_truncation ... ok
test ir_edge_coverage_e2e::long_div_mod ... ok
test ir_edge_coverage_e2e::enum_values_valueof_ordinal ... ok
test ir_edge_coverage_e2e::integer_edge_values ... ok
test ir_edge_coverage_e2e::elvis_in_loop_and_nested_return ... ok
test ir_edge_coverage_e2e::labeled_break_continue_nested ... ok
test ir_edge_coverage_e2e::collection_transforms ... ok
test ir_edge_coverage_e2e::map_and_set_operations ... ok
test ir_edge_coverage_e2e::nested_try_in_when_in_for ... ok
test ir_edge_coverage_e2e::primitive_array_aggregates ... ok
test ir_edge_coverage_e2e::sealed_when_and_data_copy ... ok
test ir_edge_coverage_e2e::numeric_conversion_chains ... ok
test ir_edge_coverage_e2e::fold_reduce_scan ... ok
test ir_edge_coverage_e2e::string_comparison_operators ... ok
test ir_edge_coverage_e2e::mutable_list_operations ... ok
test ir_edge_coverage_e2e::nullable_scope_functions ... ok
test ir_edge_coverage_e2e::when_without_subject ... ok
test ir_edge_coverage_e2e::first_last_single_predicates ... ok
test ir_lower_bail_coverage_e2e::anonymous_object_interface ... ok
test ir_edge_coverage_e2e::stringbuilder_operations ... ok
test ir_lower_bail_coverage_e2e::anonymous_object_local_property ... ok
test ir_edge_coverage_e2e::when_with_ranges_in_and_type ... ok
test ir_lower_bail_coverage_e2e::boolean_array_ops ... ok
test ir_lower_bail_coverage_e2e::byte_array_compare ... ok
test ir_edge_coverage_e2e::sorting_operations ... ok
test ir_edge_coverage_e2e::tail_recursive_infix_and_operators ... ok
test ir_edge_coverage_e2e::string_mutation_and_access ... ok
test ir_lower_bail_coverage_e2e::char_minus_char ... ok
test ir_lower_bail_coverage_e2e::bitwise_shift_and_logic_ops ... ok
test inline_vc_suspend_coverage_e2e::suspend_calls_suspend_member ... ok
test ir_lower_bail_coverage_e2e::context_property_rejected_until_accessor_abi_is_supported ... ok
test ir_edge_coverage_e2e::string_case_and_predicates ... ok
test ir_lower_bail_coverage_e2e::companion_factory ... ok
test ir_lower_bail_coverage_e2e::char_predicates_and_case ... ok
test ir_lower_bail_coverage_e2e::crossinline_lambda_capture ... ok
test ir_lower_bail_coverage_e2e::data_class_copy_and_destructure ... ok
test ir_lower_bail_coverage_e2e::double_array_ops ... ok
test ir_lower_bail_coverage_e2e::double_negate_and_compare ... ok
test ir_lower_bail_coverage_e2e::comparable_relational_operator ... ok
test ir_lower_bail_coverage_e2e::delegated_property_custom_class_rejected ... ok
test ir_lower_bail_coverage_e2e::elvis_let_chain ... ok
test ir_lower_bail_coverage_e2e::delegated_property_notnull_rejected ... ok
test ir_lower_bail_coverage_e2e::elvis_self_assign ... ok
test ir_lower_bail_coverage_e2e::double_truncation_conversions ... ok
test ir_lower_bail_coverage_e2e::char_array_init_lambda ... ok
test ir_lower_bail_coverage_e2e::compound_inc_dec_assign ... ok
test ir_lower_bail_coverage_e2e::char_plus_int ... ok
test ir_lower_bail_coverage_e2e::elvis_throw ... ok
test ir_lower_bail_coverage_e2e::enum_ordinal ... ok
test ir_lower_bail_coverage_e2e::float_array_ops ... ok
test ir_lower_bail_coverage_e2e::extension_function ... ok
test ir_lower_bail_coverage_e2e::float_modulo ... ok
test ir_lower_bail_coverage_e2e::float_relational_ops ... ok
test ir_lower_bail_coverage_e2e::float_nan_and_infinity ... ok
test ir_lower_bail_coverage_e2e::generic_identity_function ... ok
test ir_lower_bail_coverage_e2e::init_block ... ok
test ir_lower_bail_coverage_e2e::inline_lambda_call ... ok
test ir_lower_bail_coverage_e2e::int_bitwise_inv ... ok
test ir_lower_bail_coverage_e2e::generic_class_member ... ok
test ir_lower_bail_coverage_e2e::infix_function ... ok
test ir_lower_bail_coverage_e2e::int_compareto_method ... ok
test ir_lower_bail_coverage_e2e::int_unsigned_shr ... ok
test ir_lower_bail_coverage_e2e::for_range_sum ... ok
test ir_lower_bail_coverage_e2e::int_div_and_rem ... ok
test ir_lower_bail_coverage_e2e::jvm_inline_value_class ... ok
test ir_lower_bail_coverage_e2e::lambda_labeled_return ... ok
test ir_lower_bail_coverage_e2e::labeled_break ... ok
test ir_lower_bail_coverage_e2e::labeled_continue ... ok
test ir_lower_bail_coverage_e2e::for_downto_step ... ok
test ir_lower_bail_coverage_e2e::leading_fixed_then_string_spread_accepted ... ok
test ir_lower_bail_coverage_e2e::int_widening_conversions ... ok
test ir_lower_bail_coverage_e2e::member_context_property_rejected_until_accessor_abi_is_supported ... ok
test ir_lower_bail_coverage_e2e::list_of_and_size ... ok
test ir_lower_bail_coverage_e2e::local_delegated_val_rejected ... ok
test ir_lower_bail_coverage_e2e::long_multiply_wide ... ok
test ir_lower_bail_coverage_e2e::long_array_ops ... ok
test ir_lower_bail_coverage_e2e::nested_lambda_call ... ok
test ir_lower_bail_coverage_e2e::long_shift_left ... ok
test ir_lower_bail_coverage_e2e::local_function ... ok
test ir_lower_bail_coverage_e2e::long_narrowing_conversions ... ok
test ir_lower_bail_coverage_e2e::not_null_assert ... ok
test ir_lower_bail_coverage_e2e::noinline_lambda_return ... ok
test ir_lower_bail_coverage_e2e::return_inside_try_finally ... ok
test ir_lower_bail_coverage_e2e::nested_generic_map_of_list ... ok
test ir_lower_bail_coverage_e2e::range_contains ... ok
test ir_lower_bail_coverage_e2e::runnable_sam_lambda ... ok
test ir_lower_bail_coverage_e2e::secondary_constructor ... ok
test ir_lower_bail_coverage_e2e::sealed_when_exhaustive ... ok
test ir_lower_bail_coverage_e2e::smart_cast_return ... ok
test ir_lower_bail_coverage_e2e::safe_call_property_chain ... ok
test ir_lower_bail_coverage_e2e::string_template_interpolation ... ok
test ir_lower_bail_coverage_e2e::try_as_expression ... ok
test ir_lower_bail_coverage_e2e::when_is_type_arm ... ok
test ir_lower_bail_coverage_e2e::operator_plus_overload ... ok
test ir_lower_bail_coverage_e2e::string_builder_chain ... ok
test ir_lower_bail_coverage_e2e::when_multi_value_label ... ok
test ir_lower_bail_coverage_e2e::when_range_arm ... ok
test ir_lower_bail_coverage_e2e::map_entry_destructure_loop ... ok
test ir_lower_bail_coverage_e2e::when_no_subject ... ok
test ir_lower_bail_coverage_e2e::when_subject_expression ... ok
test ir_lower_bail_coverage_e2e::while_true_break ... ok
test ir_lower_bail_coverage_e2e::string_methods ... ok
test ir_lower_bail_coverage_e2e::tailrec_function ... ok
test ir_lower_deep_coverage_e2e::as_and_safe_cast ... ok
test ir_lower_deep_coverage_e2e::catch_broad_then_is_dispatch ... ok
test ir_lower_deep_coverage_e2e::abstract_class_override ... ok
test ir_lower_deep_coverage_e2e::cast_to_interface_and_hierarchy ... ok
test ir_lower_deep_coverage_e2e::computed_property_no_backing_field ... ok
test ir_lower_deep_coverage_e2e::custom_getter_setter_backing_field ... ok
test ir_lower_deep_coverage_e2e::companion_const_and_fun ... ok
test ir_lower_deep_coverage_e2e::elvis_with_side_effect ... ok
test ir_lower_deep_coverage_e2e::finally_runs_on_return ... ok
test ir_lower_deep_coverage_e2e::finally_runs_during_unwind ... ok
test ir_lower_deep_coverage_e2e::generic_factory_returning_t ... ok
test ir_lower_deep_coverage_e2e::generic_fn_multiple_type_params ... ok
test ir_lower_deep_coverage_e2e::bounded_generic_number ... ok
test ir_lower_deep_coverage_e2e::interface_default_method ... ok
test ir_lower_deep_coverage_e2e::generic_class_using_type_param ... ok
test ir_lower_deep_coverage_e2e::infix_function ... ok
test ir_lower_deep_coverage_e2e::augmented_assign_property_and_array ... ok
test ir_lower_deep_coverage_e2e::init_block_ordering ... ok
test ir_lower_deep_coverage_e2e::lateinit_property ... ok
test ir_lower_deep_coverage_e2e::multi_catch_order ... ok
test ir_lower_deep_coverage_e2e::nested_class_instantiation ... ok
test ir_lower_deep_coverage_e2e::labeled_break_continue_outer ... ok
test ir_lower_deep_coverage_e2e::is_and_smart_cast ... ok
test ir_lower_deep_coverage_e2e::not_null_smart_cast ... ok
test ir_lower_deep_coverage_e2e::destructuring_data_pair_map ... ok
test ir_lower_deep_coverage_e2e::nullable_receiver_chain ... ok
test ir_lower_deep_coverage_e2e::nested_try_catch ... ok
test ir_lower_deep_coverage_e2e::local_function_closure ... ok
test ir_lower_deep_coverage_e2e::open_override_virtual_dispatch ... ok
test ir_lower_deep_coverage_e2e::operator_div_rem ... ok
test ir_lower_deep_coverage_e2e::secondary_ctor_super_call ... ok
test ir_lower_deep_coverage_e2e::object_expression_capturing ... ok
test ir_lower_deep_coverage_e2e::star_projection_use ... ok
test ir_lower_deep_coverage_e2e::nested_generic_instantiation ... ok
test ir_lower_deep_coverage_e2e::sealed_exhaustive_when ... ok
test ir_lower_deep_coverage_e2e::secondary_ctors_delegating_this ... ok
test ir_lower_deep_coverage_e2e::map_index_get_set ... ok
test ir_lower_deep_coverage_e2e::try_as_expression_value ... ok
test ir_lower_deep_coverage_e2e::operator_get_set_invoke_contains ... ok
test is_nullable_and_notnull_smartcast_e2e::is_nullable_primitive_alone_does_not_reach_a_nonnull_param ... ok
test ir_lower_deep_coverage_e2e::operator_overloads_arithmetic_compare ... ok
test is_nullable_and_notnull_smartcast_e2e::is_nullable_primitive_and_notnull_narrows_to_the_primitive ... ok
test is_nullable_and_notnull_smartcast_e2e::is_nullable_unsigned_and_notnull_does_not_narrow ... ok
test ir_lower_deep_coverage_e2e::vararg_forwarding_and_named_default ... ok
test is_nullable_primitive_e2e::is_nullable_int ... ok
test is_nullable_and_notnull_smartcast_e2e::notnull_and_is_nullable_primitive_narrows_in_either_order ... ok
test ir_lower_deep_coverage_e2e::when_string_and_enum ... ok
test ir_lower_deep_coverage_e2e::use_site_variance_out ... ok
test is_nullable_primitive_e2e::is_nullable_long_and_boolean ... ok
test ir_lower_deep_coverage_e2e::when_type_subjects ... ok
test is_nullable_and_notnull_smartcast_e2e::corpus_boxing4_is_nullable_and_notnull ... ok
test is_primitive_smartcast_e2e::is_double_smartcast_ieee_eq ... ok
test java_class_intrinsic_e2e::bare_java_class_name ... ok
test java_class_intrinsic_e2e::bare_java_class_simple_name ... ok
test java_class_intrinsic_e2e::qualified_java_class_on_value ... ok
test java_class_intrinsic_e2e::qualified_java_class_plain_class_loader ... ok
test is_primitive_smartcast_e2e::is_int_smartcast_use ... ok
test is_primitive_smartcast_e2e::char_op_method_boxes_as_character ... ok
test java_ctor_sam_conversion_e2e::java_ctor_lambda_against_non_sam_parameter_still_fails ... ok
test java_ctor_sam_conversion_e2e::java_ctor_lambda_body_error_reports_exactly_once ... ok
test java_ctor_sam_conversion_e2e::java_ctor_trailing_lambda_sam_conversion_runs ... ok
test java_ctor_sam_conversion_e2e::java_ctor_parenthesized_lambda_sam_conversion_runs ... ok
test java_ctor_sam_conversion_e2e::java_ctor_lambda_declared_parameter_binds_sam_parameter_type ... ok
test java_ctor_sam_conversion_e2e::java_ctor_lambda_implicit_it_binds_sam_parameter_type ... ok
test java_ctor_sam_conversion_e2e::java_ctor_lambda_sam_conversion_picks_matching_overload ... ok
test java_ctor_sam_conversion_e2e::qualified_java_ctor_lambda_binds_the_selected_sam_parameter_type ... ok
test java_source_interop_e2e::cross_package_java_package_classifier_constructor_is_rejected ... ok
test java_source_interop_e2e::dollar_named_top_level_class_is_not_an_inherited_classifier ... ok
test java_source_interop_e2e::dependency_internal_member_is_not_visible ... ok
test java_source_interop_e2e::boxed_java_primitive_returns_work_in_kotlin_contexts ... ok
test java_source_interop_e2e::inferred_return_worklist_tracks_java_synthetic_property_name ... ok
test java_source_interop_e2e::inferred_return_worklist_tracks_unicode_java_synthetic_property_name ... ok
test java_source_interop_e2e::inherited_classifier_does_not_expose_its_protected_constructor ... ok
test java_source_interop_e2e::inherited_classifier_does_not_expose_its_protected_member ... ok
test java_source_interop_e2e::javac_compile_collects_nested_classes ... ok
test java_source_interop_e2e::javac_compile_returns_class_bytes ... ok
test java_source_interop_e2e::java_parameter_annotations_control_nullable_arguments ... ok
test java_source_interop_e2e::java_extends_kotlin_via_stub_pipeline ... ok
test java_source_interop_e2e::kotlin_calls_java_static ... ok
test java_source_interop_e2e::kotlin_extends_java_base ... ok
test java_source_interop_e2e::override_uses_inherited_java_nested_enum_in_signature_and_body ... ok
test java_source_interop_e2e::nullable_value_reaches_unannotated_java_parameters ... ok
test java_source_interop_e2e::peer_inherited_nested_ambiguity_does_not_fall_back_to_source_type ... ok
test java_source_interop_e2e::package_nested_classifier_does_not_shadow_cross_package_source_type ... ok
test java_source_interop_e2e::module_dependency_with_java_source ... ok
test java_source_interop_e2e::protected_java_member_is_not_visible_through_base_value ... ok
test java_source_interop_e2e::private_nested_classifier_from_java_base_does_not_shadow_source_type ... ok
test java_source_interop_e2e::root_package_static_call_matches_other_positions ... ok
test java_source_interop_e2e::public_java_instance_fields_are_typed_and_executable ... ok
test java_source_interop_e2e::same_package_java_package_classifier_keeps_public_member_access ... ok
test java_source_interop_e2e::same_package_subclass_resolves_package_nested_classifier ... ok
test java_source_interop_e2e::subclass_calls_protected_java_super_member ... ok
test java_instance_e2e::constructs_and_calls_java_instance_methods ... ok
test jimage_compressed_e2e::core_jdk_classes_resolve_from_jimage ... ok
test java_nested_static_e2e::nested_static_via_direct_nested_import ... ok
test java_instance_e2e::calls_java_static_overloaded_methods ... ok
test java_source_interop_e2e::subclass_resolves_protected_nested_classifier_from_java_base ... ok
test java_nested_static_e2e::nested_static_via_imported_outer_chain ... ok
test java_source_interop_e2e::value_shadows_classpath_class_in_static_receiver_position ... ok
test js_backend_coverage_e2e::char_comparison ... ok
test js_backend_coverage_e2e::arithmetic_int_all_ops ... ok
test js_backend_coverage_e2e::boolean_or_short_circuit ... ok
test js_backend_coverage_e2e::bitwise_operators ... ok
test js_backend_coverage_e2e::comparison_operators ... ok
test js_backend_coverage_e2e::class_init_body_property ... ok
test js_backend_coverage_e2e::comparison_returns_false ... ok
test js_backend_coverage_e2e::double_arithmetic ... ok
test js_backend_coverage_e2e::continue_inside_when_statement ... ok
test js_backend_coverage_e2e::do_while_accumulate ... ok
test js_backend_coverage_e2e::double_array_read_write ... ok
test js_backend_coverage_e2e::if_else_value ... ok
test js_backend_coverage_e2e::for_downto ... ok
test js_backend_coverage_e2e::int_division_exact ... ok
test js_backend_coverage_e2e::int_array_size ... ok
test js_backend_coverage_e2e::double_fractional_result ... ok
test java_nested_static_e2e::value_named_like_an_imported_outer_class_keeps_value_semantics ... ok
test js_backend_coverage_e2e::for_until ... ok
test java_nested_static_e2e::nested_static_via_fully_qualified_chain ... ok
test js_backend_coverage_e2e::int_modulo ... ok
test js_backend_coverage_e2e::is_not_check ... ok
test js_backend_coverage_e2e::is_string_typeof ... ok
test js_backend_coverage_e2e::lone_surrogate_char_keeps_its_utf16_code_unit ... ok
test js_backend_coverage_e2e::mutual_recursion ... ok
test js_backend_coverage_e2e::long_arithmetic ... ok
test js_backend_coverage_e2e::nested_if_expression ... ok
test js_backend_coverage_e2e::labeled_continue_outer ... ok
test js_backend_coverage_e2e::multiple_parameters ... ok
test js_backend_coverage_e2e::method_calls_method ... ok
test js_backend_coverage_e2e::non_null_equality_check ... ok
test js_backend_coverage_e2e::nested_function_noncapturing ... ok
test js_backend_coverage_e2e::override_virtual_dispatch ... ok
test js_backend_coverage_e2e::null_equality_check ... ok
test js_backend_coverage_e2e::nested_loops ... ok
test js_backend_coverage_e2e::string_concat_chain ... ok
test js_backend_coverage_e2e::string_concat_with_tostring ... ok
test js_backend_e2e::boolean_short_circuit_and_when ... ok
test js_backend_coverage_e2e::top_level_var_mutation ... ok
test js_backend_coverage_e2e::shift_right ... ok
test js_backend_coverage_e2e::when_subjectless_returning_int ... ok
test js_backend_coverage_e2e::while_with_break ... ok
test js_backend_e2e::arithmetic_and_precedence ... ok
test js_backend_e2e::class_field_and_method ... ok
test js_backend_e2e::class_property_custom_accessors ... ok
test js_backend_e2e::if_else_expression ... ok
test js_backend_e2e::if_elseif_else_statement ... ok
test js_backend_e2e::do_while_loop ... ok
test js_backend_e2e::instanceof_and_cast ... ok
test js_backend_e2e::continue_in_loop ... ok
test js_backend_e2e::for_range_loop ... ok
test jvm_name_toplevel_e2e::jvm_name_separates_two_overloads_that_erase_alike ... ok
test js_backend_e2e::top_level_property_and_null ... ok
test jvm_name_toplevel_e2e::jvm_name_is_emitted_for_every_call_path ... ok
test js_backend_e2e::labeled_break ... ok
test js_backend_e2e::string_concat_and_tostring ... ok
test js_backend_e2e::int_array_sum ... ok
test kclass_type_e2e::kclass_parameter_and_class_literal_argument_run ... ok
test kclass_type_e2e::kclass_returned_and_compared ... ok
test kotlin_fun_java_sam_param_e2e::abstract_member_runnable_param_trailing_lambda_runs ... ok
test js_backend_e2e::recursion ... ok
test kotlin_fun_java_sam_param_e2e::function_value_into_java_sam_param_still_fails ... ok
test kotlin_fun_java_sam_param_e2e::lambda_against_kotlin_plain_interface_still_fails ... ok
test kotlin_fun_java_sam_param_e2e::consumer_param_lambda_binds_declared_and_implicit_parameters ... ok
test kotlin_fun_java_sam_param_e2e::lambda_against_non_sam_java_interface_still_fails ... ok
test js_backend_e2e::while_loop_accumulate ... ok
test kotlin_fun_java_sam_param_e2e::member_overload_any_and_runnable_picks_any_both_orders ... ok
test kotlin_fun_java_sam_param_e2e::overload_picks_runnable_over_string_but_any_over_runnable ... ok
test kotlin_fun_java_sam_param_e2e::runnable_param_lambda_in_first_position_runs ... ok
test kotlin_fun_java_sam_param_e2e::kotlin_fun_interface_param_still_converts ... ok
test kotlin_fun_java_sam_param_e2e::member_overload_consumer_and_runnable_picks_consumer_both_orders ... ok
test kotlin_fun_java_sam_param_e2e::runnable_param_parenthesized_lambda_runs ... ok
test kotlin_fun_java_sam_param_e2e::two_sam_overload_top_level_lambda_is_ambiguous ... ok
test kotlin_fun_java_sam_param_e2e::two_sam_overload_member_lambda_is_ambiguous ... ok
test kotlin_fun_java_sam_param_e2e::projected_generic_sam_boxes_specialized_primitive_boundary ... ok
test kotlin_fun_java_sam_param_e2e::top_level_runnable_param_trailing_lambda_runs ... ok
test krusty_roundtrip_class_metadata_e2e::a_body_property_adds_no_component_or_copy_parameter ... ok
test kotlin_fun_java_sam_param_e2e::dependency_callables_share_sam_shape_and_preference ... ok
test krusty_roundtrip_class_metadata_e2e::a_class_carries_its_own_metadata_by_default ... ok
test krusty_roundtrip_class_metadata_e2e::a_value_class_constructor_parameter_withholds_the_record ... ok
test krusty_roundtrip_class_metadata_e2e::a_sibling_files_undescribed_value_class_withholds_the_record ... ok
test krusty_roundtrip_class_metadata_e2e::a_concrete_suspend_value_class_return_withholds_the_record ... ok
test krusty_roundtrip_class_metadata_e2e::a_value_class_with_a_declared_member_withholds_the_record ... ok
test krusty_dep_dir_e2e::inline_fn_with_defaults_named_calls_from_dep_dir ... ok
test krusty_dep_dir_e2e::top_level_fn_from_dep_dir ... ok
test krusty_dep_dir_e2e::extension_fn_from_dep_dir ... ok
test krusty_dep_dir_e2e::extension_property_from_dep_dir ... ok
test krusty_dep_dir_e2e::same_name_extension_properties_from_dep_dir ... ok
test krusty_roundtrip_class_metadata_e2e::a_value_class_parameter_member_round_trips ... ok
test ksp_provision_e2e::provisions_ksp_jars_via_detected_resolver ... ok
test krusty_roundtrip_class_metadata_e2e::a_value_class_returning_member_round_trips ... ok
test krusty_roundtrip_class_metadata_e2e::an_inherited_value_class_returning_member_round_trips ... ok
test labeled_expression_e2e::labeled_parenthesized_expression ... ok
test krusty_roundtrip_class_metadata_e2e::data_class_copy_and_destructuring_round_trip ... ok
test labeled_expression_e2e::labeled_this_receiver_still_resolves ... ok
test krusty_roundtrip_class_metadata_e2e::value_class_body_property_round_trips ... ok
test labeled_expression_e2e::labeled_expression_as_call_argument ... ok
test krusty_roundtrip_class_metadata_e2e::declared_value_class_return_does_not_reclassify_generic_slot ... ok
test labeled_lambda_return_e2e::a_standalone_labelled_lambda_returns_locally ... ok
test labeled_lambda_return_e2e::a_labelled_return_crosses_a_nested_foreach_splice ... ok
test labeled_lambda_return_e2e::a_labelled_trailing_lambda_returns_locally_from_run ... ok
test ksp_apt_loop_e2e::ksp_generates_java_apt_generates_class_ksp_sees_it ... ok
test labeled_lambda_return_e2e::an_implicit_label_returns_locally_from_run ... ok
test labeled_this_e2e::inner_class_outer_labeled_this ... ok
test krusty_roundtrip_class_metadata_e2e::plain_class_member_named_arguments_round_trip ... ok
test labeled_this_e2e::nested_class_self_label_uses_declaration_name ... ok
test labeled_this_e2e::self_labeled_this_in_lambda ... ok
test lambda_vs_block_fun_type_e2e::fun_type_local_in_trailing_lambda ... ok
test lambda_vs_block_fun_type_e2e::named_param_fun_type_local_in_loop ... ok
test lambda_e2e::same_named_declarations_share_lambda_sequence ... ok
test lateinit_local_e2e::lateinit_local_initialized_then_read ... ok
test lateinit_local_e2e::lateinit_local_assigned_in_inline_lambda ... ok
test lambda_e2e::lambdas_run ... ok
test lateinit_local_e2e::lateinit_local_uninitialized_read_throws ... ok
test lateinit_operand_stack_e2e::lateinit_field_read_as_later_call_argument ... ok
test lateinit_operand_stack_e2e::lateinit_field_read_in_constructor_operand ... ok
test labeled_lambda_return_e2e::an_explicit_label_continues_the_foreach_splice ... ok
test lateinit_operand_stack_e2e::lateinit_field_read_in_string_concat ... ok
test labeled_lambda_return_e2e::an_implicit_label_continues_the_foreach_splice ... ok
test lateinit_operand_stack_e2e::lateinit_field_read_in_field_write_value ... ok
test lateinit_operand_stack_e2e::lateinit_field_read_in_array_subscript ... ok
test lateinit_operand_stack_e2e::lateinit_field_read_in_vararg_operand ... ok
test lib_dep_harness_e2e::different_lib_source_gets_distinct_classpath_dir ... ok
test lambda_vs_block_fun_type_e2e::real_lambdas_still_detected ... ok
test lib_dep_harness_e2e::unbuildable_lib_fails_with_diagnostics - should panic ... ok
test lib_dep_harness_e2e::lib_is_krusty_built ... ok
test lib_dep_harness_e2e::same_lib_source_reuses_memoized_classpath_dir ... ok
test lateinit_operand_stack_e2e::uninitialized_lateinit_field_read_in_operand_still_throws ... ok
test lateinit_operand_stack_e2e::private_lateinit_field_read_in_operand ... ok
test library_fun_type_lambda_param_e2e::safe_call_lambda_param_members_resolve_in_frontend ... ok
test lib_fixture_parallel_e2e::concurrent_compile_lib_calls_with_one_tag_get_separate_scratch_dirs ... ok
test library_fun_type_lambda_param_e2e::lambda_param_members_resolve_in_frontend ... ok
test library_fun_type_lambda_param_e2e::implicit_it_of_classpath_member_function_type ... ok
test library_fun_type_lambda_param_e2e::named_lambda_param_of_classpath_member_function_type ... ok
test lib_dep_harness_e2e::krusty_built_lib_serves_box_repeatedly ... ok
test lib_dep_harness_e2e::lib_static_state_does_not_leak_between_box_runs ... ok
test library_fun_type_lambda_param_e2e::safe_call_lambda_param_of_classpath_member_function_type ... ok
test library_fun_type_lambda_param_e2e::safe_call_lambda_param_of_classpath_java_sam_member ... ok
test library_fun_type_lambda_param_e2e::safe_call_named_lambda_arguments_resolve_in_frontend ... ok
test library_fun_type_lambda_param_e2e::wrong_parameter_shape_is_not_borrowed_for_a_trailing_lambda ... ok
test library_fun_type_lambda_param_e2e::value_lambda_param_of_classpath_member_function_type ... ok
test library_fun_type_lambda_param_e2e::safe_call_receiver_lambda_param_of_classpath_member_function_type ... ok
test library_fun_type_lambda_param_e2e::trailing_lambda_reads_its_own_parameter_past_an_omitted_default ... ok
test library_fun_type_lambda_param_e2e::receiver_lambda_param_of_classpath_member_function_type ... ok
test literal_escapes_coverage_e2e::char_literal_escapes ... ok
test literal_escapes_coverage_e2e::string_literal_escapes ... ok
test library_fun_type_lambda_param_e2e::safe_call_trailing_lambda_reads_its_own_parameter_past_an_omitted_default ... ok
test literal_escapes_coverage_e2e::range_operator_kinds ... ok
test lnt_parity_e2e::expression_body_fn ... ok
test lnt_parity_e2e::branchy_fn ... ok
test lnt_parity_e2e::mid_return_fn ... ok
test local_capture_coverage_e2e::lambda_captures_enclosing_this_in_member ... ok
test local_capture_coverage_e2e::local_fun_captures_enclosing_val ... ok
test java_static_field_e2e::reads_java_static_fields ... ok
test list_fold_e2e::list_fold_sum_sumof_count ... ok
test local_capture_coverage_e2e::local_fun_with_try_finally_capturing ... ok
test lnt_parity_e2e::unit_fn_implicit_return_maps_to_closing_brace ... ok
test local_capture_coverage_e2e::local_fun_captures_multiple_and_local_decl ... ok
test local_class_e2e::named_local_object ... ok
test local_class_e2e::local_class_inheritance_with_modifiers ... ok
test local_class_scope_e2e::a_capture_in_a_constructor_parameter_default_is_rejected ... ok
test local_class_e2e::local_class_basic ... ok
test local_class_e2e::local_data_class_and_interface ... ok
test local_class_scope_e2e::a_captured_parameter_is_supplied_at_every_construction ... ok
test local_class_scope_e2e::a_local_class_can_name_the_enclosing_classs_type_parameter ... ok
test local_class_scope_e2e::a_local_class_captures_a_labeled_enclosing_this ... ok
test local_class_scope_e2e::a_local_class_captures_the_enclosing_instance ... ok
test local_class_scope_e2e::a_local_class_captures_an_enclosing_local ... ok
test local_class_scope_e2e::a_local_class_capturing_through_a_member_extension_receiver_is_rejected ... ok
test local_class_scope_e2e::a_local_class_in_a_plain_member_captures_the_enclosing_instance ... ok
test local_class_scope_e2e::a_local_class_inherits_from_a_sibling_local_class ... ok
test local_class_scope_e2e::a_local_class_is_a_type_test_target ... ok
test lnt_parity_e2e::multi_statement_fn ... ok
test local_class_scope_e2e::a_local_class_property_shadows_an_enclosing_member_of_the_same_name ... ok
test local_class_scope_e2e::a_local_class_reading_a_grandparent_receiver_is_rejected ... ok
test local_class_scope_e2e::a_local_class_shadows_an_enclosing_type_parameter_of_the_same_name ... ok
test local_class_scope_e2e::a_reassigned_captured_var_is_rejected ... ok
test local_class_scope_e2e::an_inner_class_of_a_local_class ... ok
test local_class_scope_e2e::an_unbound_member_reference_on_a_local_class ... ok
test local_class_scope_e2e::capturing_an_unboxed_value_class_receiver_is_rejected ... ok
test local_class_scope_e2e::captures_precede_the_classs_own_constructor_arguments ... ok
test local_class_scope_e2e::same_named_local_classes_resolve_to_their_own_declaration ... ok
test local_class_scope_e2e::the_enclosing_instance_precedes_a_captured_local ... ok
test local_class_scoping_e2e::local_class_in_class_method ... ok
test local_fun_overload_e2e::local_overload_prefers_candidate_with_fewer_omitted_defaults ... ok
test local_class_scoping_e2e::same_named_local_classes_in_different_functions ... ok
test local_fun_default_args_e2e::local_fun_omitted_defaults ... ok
test local_fun_overload_e2e::local_overload_prefers_non_vararg_candidate ... ok
test local_fun_overload_e2e::local_overload_scores_named_arguments_in_parameter_order ... ok
test lower_bail_reason_e2e::companion_with_explicit_base_args_reports_companion_synth ... ok
test local_class_scoping_e2e::shadowing_binding_is_not_clobbered ... ok
test local_fun_overload_e2e::local_overload_selects_the_unique_most_specific_candidate ... ok
test lower_bail_reason_e2e::member_delegate_with_provide_delegate_reports_gate ... ok
test lower_bail_reason_e2e::unsupported_call_bucket_uses_ast_shape_not_source_name ... ok
test lower_bail_reason_e2e::non_suspend_body_with_same_named_local_is_not_a_suspend_call ... ok
test local_fun_ref_e2e::local_function_reference_with_and_without_capture ... ok
test lnt_parity_e2e::single_return_fn ... ok
test lvt_parity_e2e::guarded_param_fn_full_bytes ... ok
test lower_bail_reason_e2e::gated_corpus_cases_report_precise_lower_bail ... ok
test lvt_parity_e2e::params_only ... ok
test lvt_parity_e2e::locals_in_declaration_order ... ok
test lvt_parity_e2e::catch_parameter_is_recorded ... ok
test lnt_parity_e2e::guarded_param_fn_lnt ... ok
test map_entry_destructure_e2e::destructure_single_map_entry ... ok
test lnt_parity_e2e::member_method_lnt ... ok
test map_entry_destructure_e2e::discarded_map_put_does_not_unbox_null ... ok
test map_entry_destructure_e2e::for_destructure_directly_over_map ... ok
test lvt_parity_e2e::nested_scope_local_closes_first ... ok
test mangled_member_null_arg_e2e::null_literal_arg_resolves_mangled_member ... ok
test lvt_parity_e2e::instance_receiver_and_parameters_are_recorded ... ok
test mangled_member_nested_param_e2e::mangled_member_nested_type_param_resolves ... ok
test map_entry_destructure_e2e::for_destructure_over_map_entries ... ok
test map_get_nullable_elvis_e2e::map_get_bang_bare_return ... ok
test map_get_nullable_elvis_e2e::map_get_bang_as_direct_int_argument ... ok
test map_get_nullable_elvis_e2e::map_get_null_check_for_primitive_value ... ok
test map_get_nullable_elvis_e2e::map_get_elvis_default_for_primitive_value ... ok
test map_get_nullable_elvis_e2e::map_get_value_nonnull_primitive ... ok
test map_get_nullable_elvis_e2e::map_get_bang_then_primitive_arithmetic ... ok
test mangled_member_concrete_class_e2e::value_class_param_member_on_concrete_class_resolves ... ok
test map_get_nullable_elvis_e2e::map_get_value_reference_element_member_call ... ok
test map_get_nullable_elvis_e2e::map_get_value_typed_long_local ... ok
test lvt_parity_e2e::source_local_forms_are_recorded ... ok
test map_get_nullable_elvis_e2e::map_get_elvis_continue_skips_missing_keys ... ok
test mapped_collection_scope_e2e::remove_of_an_absent_element_is_not_an_index ... ok
test lnt_parity_e2e::while_loop_fn ... ok
test mapped_collection_scope_e2e::remove_on_a_mapped_receiver_takes_the_element_overload ... ok
test mapped_string_scope_e2e::a_same_module_extension_shadows_the_java_member ... ok
test mapped_collection_scope_e2e::java_only_members_are_not_in_the_kotlin_scope ... ok
test mapped_string_scope_e2e::charsequence_members_kotlinc_keeps_stay_in_scope ... ok
test mapped_string_scope_e2e::a_selected_source_extension_is_not_replaced_by_a_name_based_fallback ... ok
test mapped_collection_scope_e2e::remove_on_a_concrete_java_class_takes_the_element_overload ... ok
test mapped_string_scope_e2e::string_keeps_java_io_serializable ... ok
test member_array_ctor_inference_e2e::member_property_inferred_from_primitive_array_ctor ... ok
test member_ctrl_inference_e2e::member_if_when_expr_body_infers_return ... ok
test mapped_collection_scope_e2e::remove_at_reaches_the_index_overload_on_both_shapes ... ok
test mapped_string_scope_e2e::java_only_members_are_not_in_the_kotlin_string_scope ... ok
test mapped_string_scope_e2e::string_extension_calls_that_the_java_scope_had_covered ... ok
test mapped_collection_scope_e2e::same_shaped_java_method_outside_the_collection_hierarchy_keeps_its_name ... ok
test member_extension_default_args_e2e::inner_member_ext_default_omitted ... ok
test member_default_implicit_receiver_e2e::forward_reference_to_constant_default_member ... ok
test member_default_implicit_receiver_e2e::implicit_receiver_omits_constant_default ... ok
test member_extension_default_args_e2e::object_and_private_member_ext_defaults ... ok
test member_extension_default_args_e2e::trailing_lambda_omits_vararg_and_explicit_default ... ok
test member_extension_default_args_e2e::inner_member_ext_two_defaults ... ok
test member_extension_function_e2e::arity_inapplicable_member_falls_through_to_reified_extension ... ok
test member_extension_function_e2e::arity_inapplicable_member_falls_through_to_reified_extension_implicit_receiver ... ok
test member_extension_default_args_e2e::inner_member_ext_default_reordering ... ok
test mapped_string_scope_e2e::the_rest_of_the_kotlin_string_api_still_resolves ... ok
test member_extension_function_e2e::arity_inapplicable_member_falls_through_to_sibling_module_extension ... ok
test member_extension_function_e2e::arity_inapplicable_member_still_errors_when_source_extension_inapplicable ... ok
test member_extension_function_e2e::arity_inapplicable_member_falls_through_to_classpath_extension ... ok
test member_extension_function_e2e::arity_inapplicable_member_reified_extension_run ... ok
test member_extension_function_e2e::member_extension_function_resolution ... ok
test member_extension_default_args_e2e::trailing_lambda_vararg_omission_no_dangling_default ... ok
test member_extension_function_e2e::named_member_extension_trailing_lambda_selects_before_lowering ... ok
test member_extension_function_e2e::safe_call_ordinary_member_keeps_precedence_over_member_extension ... ok
test member_extension_function_e2e::member_extension_property_root_types_collection_lambda ... ok
test member_extension_function_e2e::generic_extension_chain_preserves_non_null_element_type ... ok
test member_extension_default_args_e2e::corpus_member_ext_defaults_box_ok ... ok
test member_extension_in_lambda_e2e::member_extension_in_non_inline_closure ... ok
test member_extension_in_lambda_e2e::inherited_member_extension_called_in_lambda ... ok
test member_extension_function_e2e::safe_call_member_extensions_run ... ok
test member_extension_nested_hof_e2e::generic_extension_property_keeps_receiver_element_type ... ok
test member_extension_property_e2e::corpus_generic_receiver_member_ext_prop_stays_skipped ... ok
test member_extension_function_e2e::member_extension_dispatch_and_erasure_run ... ok
test member_extension_in_lambda_e2e::member_extension_property_read_in_lambda ... ok
test mapped_collection_scope_e2e::remove_at_override_satisfies_the_java_util_abstract ... ok
test member_extension_in_lambda_e2e::member_extension_property_write_in_lambda ... ok
test member_extension_property_e2e::member_ext_prop_basic ... ok
test member_extension_property_e2e::member_ext_prop_block_getter ... ok
test member_extension_in_lambda_e2e::member_extension_fun_called_in_lambda ... ok
test member_extension_nested_hof_e2e::nested_hof_keeps_member_extension_element_type ... ok
test member_extension_property_e2e::member_ext_prop_labeled_this ... ok
test member_extension_property_e2e::member_ext_prop_name_collision_with_computed ... ok
test member_extension_property_e2e::member_ext_prop_no_bridge_over_inherited_generic ... ok
test member_extension_property_e2e::member_ext_prop_private_getter ... ok
test member_extension_property_e2e::member_ext_prop_private_setter_is_inaccessible_outside_the_owner ... ok
test member_extension_property_e2e::member_ext_prop_receiver_overloads ... ok
test member_extension_property_e2e::member_ext_prop_private_setter ... ok
test member_extension_property_e2e::member_ext_prop_var_custom_setter ... ok
test member_extension_property_e2e::member_ext_prop_primitive_receivers ... ok
test member_extension_property_e2e::member_ext_prop_with_lambda_dispatch ... ok
test member_overloads_e2e::exact_erased_duplicate_still_rejected ... ok
test member_extension_property_e2e::member_ext_prop_compound_assign ... ok
test member_extension_property_e2e::corpus_member_ext_props_box_ok ... ok
test member_overloads_e2e::member_overloads_by_arity ... ok
test member_overloads_e2e::member_overloads_across_hierarchy ... ok
test member_extension_property_e2e::unsupported_member_ext_prop_shapes_still_rejected ... ok
test metadata_kept_params::empty_factory_keeps_zero_params ... ok
test metadata_reader_e2e::inline_class_underlying_types_from_metadata ... ok
test metadata_kept_params::vararg_factory_keeps_its_array_param ... ok
test metadata_reader_e2e::result_companion_success_is_public_inline_in_metadata ... ok
test metadata_reader_e2e::metadata_decodes_value_parameter_names ... ok
test member_overloads_e2e::member_overloads_by_param_type ... ok
test metadata_reader_e2e::resultkt_get_or_throw_is_public_inline_extension_in_metadata ... ok
test metadata_reader_e2e::result_get_or_throw_resolves_as_inline_extension ... ok
test metadata_reader_e2e::result_get_or_null_resolves_as_nullable_metadata_member ... ok
test metadata_return_types::builtin_generic_member_binds_receiver_argument_without_jdk ... ok
test metadata_return_types::builtins_decode_type_parameters_and_arguments ... ok
test metadata_return_types::collection_factory_return_types_distinguish_mutable ... ok
test metadata_return_types::builtins_decode_collection_hierarchy ... ok
test metadata_return_types::nullable_type_parameter_return_metadata_is_kept ... ok
test metadata_return_types::builtins_string_members_from_metadata ... ok
test metadata_return_types::kotlin_collection_subtyping ... ok
test member_overloads_e2e::member_overloads_internal_and_chained_calls ... ok
test metadata_return_types::plus_assign_receiver_is_mutable ... ok
test missing_return_check_e2e::bare_trailing_value_not_returned ... ok
test metadata_return_types::read_only_list_impl_gets_no_remove_bridge ... ok
test missing_return_check_e2e::empty_block_body ... ok
test missing_return_check_e2e::body_with_no_return ... ok
test missing_return_check_e2e::exhaustive_enum_when_without_else ... ok
test metadata_return_types::builtin_generic_members_type_check_without_jdk ... ok
test missing_return_check_e2e::if_else_both_return ... ok
test missing_return_check_e2e::if_else_one_branch_falls_through ... ok
test missing_return_check_e2e::early_return_in_loop_then_return ... ok
test missing_return_check_e2e::if_without_else_return ... ok
test missing_return_check_e2e::infinite_while_true ... ok
test member_infix_inference_e2e::member_infix_bitwise_expr_body_infers_int ... ok
test missing_return_check_e2e::nothing_return_type ... ok
test metadata_kept_params::suspend_fact_is_descriptor_aligned_across_mangled_and_same_named_overloads ... ok
test missing_return_check_e2e::nothing_returning_user_function_tail_call ... ok
test missing_return_check_e2e::infinite_do_while ... ok
test missing_return_check_e2e::nothing_returning_call ... ok
test member_read_on_nullable_call_result_e2e::member_read_on_not_null_asserted_call_result ... ok
test member_read_on_nullable_call_result_e2e::member_read_on_require_smartcast_call_result ... ok
test missing_return_check_e2e::try_catch_both_return ... ok
test missing_return_check_e2e::nullable_return_still_required ... ok
test missing_return_check_e2e::plain_return ... ok
test missing_return_check_e2e::when_arm_falls_through ... ok
test missing_return_check_e2e::trailing_throw ... ok
test missing_return_check_e2e::when_with_else_all_return ... ok
test missing_return_check_e2e::unit_body_needs_no_return ... ok
test missing_return_check_e2e::try_finally_returns ... ok
test mpp_expect_actual_e2e::expect_class_actualized_by_class ... ok
test mpp_expect_actual_e2e::all_expect_common_file_module_compiles_and_runs ... ok
test mpp_expect_actual_e2e::expect_class_actualized_by_typealias ... ok
test mpp_expect_actual_e2e::expect_class_member_defaults_graft ... ok
test mpp_expect_actual_e2e::expect_default_referencing_prior_parameter ... ok
test mpp_expect_actual_e2e::expect_overloads_match_by_arity ... ok
test mpp_expect_actual_e2e::expect_without_flag_is_not_stripped ... ok
test mpp_expect_actual_e2e::expect_fun_and_extension_val_actualized ... ok
test mpp_expect_actual_e2e::expect_defaults_graft_onto_actual ... ok
test mpp_expect_actual_e2e::expect_properties_including_extensions ... ok
test mpp_expect_actual_e2e::typealias_only_file_in_set_compiles ... ok
test mpp_expect_actual_e2e::open_property_accessor_overridable_across_expect_actual ... ok
test mpp_expect_actual_e2e::unmatched_expect_fails_compile ... ok
test mpp_expect_actual_e2e::unmatched_expect_property_fails_compile ... ok
test mutable_property_ref_e2e::bound_extension_function_ref ... ok
test multiline_catch_e2e::multiline_catch_parameter ... ok
test mutable_property_ref_e2e::bound_extension_property_ref ... ok
test mutable_property_ref_e2e::bound_mutable_property_ref_reference_type ... ok
test mutable_property_ref_e2e::bound_object_method_ref ... ok
test mutable_property_ref_e2e::bound_mutable_extension_property_ref ... ok
test multi_index_operator_e2e::user_class_member_get_and_set ... ok
test multi_index_operator_e2e::extension_get_set_operator ... ok
test mutable_property_ref_e2e::bound_mutable_property_ref_long ... ok
test mutable_property_ref_e2e::generic_toplevel_function_ref ... ok
test mutable_property_ref_e2e::bound_mutable_property_ref_get_and_set ... ok
test mutable_property_ref_e2e::immutable_bound_property_ref_invoke ... ok
test mutable_property_ref_e2e::nullable_typeparam_tostring_ref_declines ... ok
test mutable_property_ref_e2e::immutable_bound_property_ref_get ... ok
test name_based_destructuring_e2e::name_based_destructuring_rejected_without_flag ... ok
test mutable_property_ref_e2e::unbound_extension_function_ref ... ok
test mutable_property_ref_e2e::property_ref_declines_on_accessor_name_clash ... ok
test mutable_property_ref_e2e::inherited_member_property_ref ... ok
test mutable_property_ref_e2e::unbound_object_method_refs ... ok
test mutable_property_ref_e2e::object_property_ref ... ok
test name_based_destructuring_e2e::name_based_rename ... ok
test mutable_property_ref_e2e::unbound_mutable_property_ref_on_protected ... ok
test mutable_property_ref_e2e::unbound_mutable_property_ref_get_and_set ... ok
test name_based_destructuring_e2e::name_based_reorder ... ok
test mutable_property_ref_e2e::property_reference_get_reports_the_property_type ... ok
test name_based_destructuring_e2e::var_component_captured_and_mutated_in_lambda ... ok
test name_based_destructuring_e2e::name_based_destructuring_runs_when_enabled ... ok
test name_based_destructuring_e2e::name_based_for_loop ... ok
test named_arg_member_e2e::member_named_args_in_order_still_work ... ok
test name_based_destructuring_e2e::name_based_lambda_shortform ... ok
test named_arg_member_e2e::extension_reordered_named_args_source_order ... ok
test name_based_destructuring_e2e::name_based_for_withindex_library ... ok
test named_arg_member_e2e::member_named_args_reorder_lambda_param ... ok
test named_arg_member_e2e::member_reordered_named_args_receiver_side_effect_first ... ok
test named_arg_source_order_e2e::mixed_named_and_positional_args_keep_matching_slots ... ok
test named_arg_member_e2e::member_reordered_named_args_source_order ... ok
test named_arg_source_order_e2e::reordered_named_args_evaluate_in_source_order ... ok
test named_arg_source_order_e2e::reordered_named_args_three_params ... ok
test named_arg_source_order_e2e::reordered_named_ctor_args_source_order ... ok
test named_args_classpath_e2e::named_arg_omitting_a_default_maps_to_its_own_slot ... ok
test named_args_classpath_e2e::named_args_to_classpath_extension_fn_reorder_and_run ... ok
test named_args_classpath_e2e::named_args_to_classpath_member_fn_reorder_and_run ... ok
test named_args_classpath_e2e::named_arg_omitting_a_default_on_an_inline_callee ... ok
test named_args_classpath_e2e::named_args_to_classpath_top_level_fn_reorder_and_run ... ok
test named_ctor_args_e2e::named_constructor_args_map_and_fill_defaults ... ok
test named_ctor_args_e2e::named_ctor_call_targets_primary_not_a_colliding_secondary ... ok
test named_super_arg_e2e::anon_object_over_parameterized_base_literal_args ... ok
test named_super_arg_e2e::named_reordered_super_args ... ok
test named_args_classpath_e2e::classpath_top_level_named_args_preserve_source_eval_order ... ok
test named_args_classpath_e2e::implicit_receiver_classpath_extension_default_uses_slots ... ok
test named_args_classpath_e2e::named_args_to_classpath_extension_fn_omitted_default_uses_slots ... ok
test narrowed_this_member_call_e2e::narrowed_this_resolves_subtype_member_call ... ok
test nested_class_ctor_scope_e2e::a_later_private_inner_class_constructor_resolves_in_an_anonymous_super_call ... ok
test nested_class_ctor_scope_e2e::an_anonymous_sibling_method_preinfers_a_lexically_nested_return ... ok
test nested_class_ctor_scope_e2e::an_anonymous_synthetic_name_does_not_create_a_lexical_owner ... ok
test named_args_classpath_e2e::unknown_named_args_on_classpath_callables_are_rejected_canonically ... ok
test nested_class_ctor_scope_e2e::anonymous_member_signatures_see_the_source_class_classifier_scope ... ok
test nested_class_ctor_scope_e2e::anonymous_supertype_arguments_see_the_source_class_classifier_scope ... ok
test nested_class_ctor_scope_e2e::a_sibling_nested_class_resolves_by_simple_name_from_a_companion ... ok
test nested_class_ctor_scope_e2e::a_generic_sibling_nested_ctor_uses_resolved_class_identity ... ok
test named_args_classpath_e2e::named_classpath_member_vararg_reorders_and_passes_array ... ok
test narrowed_this_member_call_e2e::narrowed_this_call_passes_arguments ... ok
test nested_class_ctor_scope_e2e::a_reordering_named_argument_on_a_sibling_nested_ctor ... ok
test named_args_classpath_e2e::named_classpath_extension_accepts_a_module_subclass_argument ... ok
test nested_class_ctor_scope_e2e::named_arguments_on_a_sibling_nested_ctor_from_a_companion ... ok
test nested_class_ctor_scope_e2e::named_arguments_on_a_sibling_nested_ctor_from_an_ordinary_member ... ok
test nested_class_supertype_e2e::extends_no_arg_nested_base ... ok
test nested_class_supertype_e2e::coroutine_context_nested_supertypes_resolve_on_the_frontend ... ok
test nested_class_ctor_scope_e2e::semantic_named_call_admission_preserves_secondary_constructors ... ok
test nested_class_supertype_e2e::extends_class_nested_base_reads_inherited_field ... ok
test nested_class_ctor_scope_e2e::the_qualified_and_positional_spellings_still_work ... ok
test nested_class_supertype_e2e::extends_object_nested_base_reads_inherited_field ... ok
test nested_class_supertype_e2e::implements_stdlib_nested_interface ... ok
test nested_class_supertype_e2e::nested_class_extends_sibling_nested_class ... ok
test nested_class_supertype_e2e::packaged_nested_class_implements_qualified_interface ... ok
test nested_classifier_forward_ref_e2e::genuinely_absent_classifier_still_reports_unresolved_reference ... ok
test nested_class_supertype_e2e::nested_class_implements_sibling_nested_interface ... ok
test nested_class_ctor_scope_e2e::deeply_nested_anonymous_objects_keep_the_source_class_classifier_scope ... ok
test nested_class_supertype_e2e::overriding_nested_typed_supertype_property_emits_loadable_class ... ok
test nested_class_unqualified_e2e::unqualified_nested_class_construction ... ok
test nested_class_unqualified_e2e::unqualified_nested_class_with_ctor_arg ... ok
test named_args_classpath_e2e::classpath_reordered_named_args_with_trailing_lambda ... ok
test nested_classifier_forward_ref_e2e::class_property_typed_by_nested_enum_declared_below ... ok
test nested_classifier_forward_ref_e2e::nested_class_references_sibling_nested_class_declared_below_both ... ok
test nested_classifier_forward_ref_e2e::nested_classifiers_under_an_object_keep_the_complete_owner_path ... ok
test nested_classifier_forward_ref_e2e::object_body_classifier_kinds_share_registration_semantics ... ok
test nested_classifier_forward_ref_e2e::object_method_return_type_references_nested_class_declared_below ... ok
test nested_ctor_named_args_e2e::named_args_reorder_on_nested_sealed_subclass ... ok
test nested_classifier_forward_ref_e2e::object_property_generic_type_arg_references_nested_enum_declared_below ... ok
test nested_ctor_named_args_e2e::named_args_reorder_on_nested_ctor ... ok
test nested_classifier_forward_ref_e2e::object_property_typed_by_nested_enum_declared_below ... ok
test nested_decls_in_object_e2e::object_body_with_nested_decls ... ok
test nested_enum_access_e2e::enum_typed_static_property_is_not_an_enum_entry ... ok
test nested_enum_access_e2e::nested_classifier_shadows_top_level_enum ... ok
test nested_enum_access_e2e::enum_entry_and_entries_property_from_another_source_file_use_the_declaring_owner ... ok
test nested_data_class_tostring_e2e::nested_data_class_tostring_uses_innermost_simple_name ... ok
test nested_enum_access_e2e::nullable_enum_subject_accepts_non_null_entries ... ok
test nested_enum_access_e2e::nullable_when_subject_comparability_is_type_generic ... ok
test nested_enum_access_e2e::nested_enum_with_body_and_value ... ok
test nested_enum_access_e2e::nested_enum_entry_via_outer_name ... ok
test nested_generic_constructor_e2e::extension_receiver_nested_constructor_requires_qualification ... ok
test nested_generic_constructor_e2e::extension_receiver_nested_type_requires_qualification ... ok
test nested_generic_constructor_e2e::extension_receiver_does_not_create_classifier_scope ... ok
test nested_lambda_capture_e2e::untyped_lambda_captures_local_named_it ... ok
test nested_lambda_capture_e2e::nested_closure_capture_runs ... ok
test nested_enum_access_e2e::nested_enum_entry_uses_lexical_class_scope ... ok
test nested_string_template_e2e::multi_dollar_templates_support_braced_backtick_and_nested_values ... ok
test nested_string_template_e2e::multi_dollar_templates_preserve_literal_runs_and_raw_quotes ... ok
test nested_generic_constructor_e2e::nested_generic_constructor_runs_from_member_extension ... ok
test nested_string_template_e2e::nested_template_multiple_inner ... ok
test nested_generic_constructor_e2e::nested_generic_constructor_infers_argument_type ... ok
test nested_string_template_e2e::nested_template_two_levels ... ok
test nested_type_scope_e2e::inherited_nested_type_in_subclass_constructor ... ok
test nested_try_finally_e2e::finally_containing_try_catch ... ok
test nested_type_scope_e2e::inherited_nested_type_in_subclass_member ... ok
test nested_lambda_capture_e2e::nested_lambda_implicit_it_shadows_outer ... ok
test nested_type_scope_e2e::nested_type_as_cast_target ... ok
test nested_hof_capture_e2e::nested_hof_capture_and_boxed_var_no_leak ... ok
test nested_type_scope_e2e::nested_type_as_local_var_type ... ok
test nested_type_scope_e2e::nested_type_as_is_smartcast_target ... ok
test nested_type_scope_e2e::inherited_classifier_precedes_same_package_type_in_subclass_scope ... ok
test nested_type_scope_e2e::classpath_protected_nested_type_is_inherited ... ok
test nested_type_scope_e2e::nested_type_as_return_type ... ok
test nested_type_scope_e2e::nested_type_as_parameter_type ... ok
test newline_method_chain_e2e::leading_and_or_continue ... ok
test newline_method_chain_e2e::leading_elvis_continues ... ok
test newline_method_chain_e2e::leading_plus_does_not_continue ... ok
test nested_type_scope_e2e::enclosing_subclass_authorizes_nested_class_classifier_scope ... ok
test newline_method_chain_e2e::leading_dot_chain ... ok
test newline_method_chain_e2e::newline_does_not_continue_non_chain ... ok
test nested_type_shadowing_e2e::nested_type_field_shadows_top_level ... ok
test no_jdk_builtin_emit_e2e::builtin_nested_class_only_answers_for_declared_nestings ... ok
test nested_type_scope_e2e::classpath_internal_nested_type_does_not_shadow_source_type ... ok
test non_field_ctor_metadata_e2e::non_field_constructor_parameter_is_recorded ... ok
test no_jdk_builtin_emit_e2e::builtin_collection_property_read_runs_without_jdk ... ok
test no_jdk_builtin_emit_e2e::builtin_noncollection_property_read_runs_without_jdk ... ok
test nothing_call_branch_e2e::nothing_call_in_else_branch ... ok
test not_null_assert_e2e::not_null_assert_runs ... ok
test nothing_nullable_e2e::nothing_call_branch_joins_as_bottom ... ok
test nothing_call_branch_e2e::nothing_call_in_if_expression_value ... ok
test no_jdk_builtin_emit_e2e::recovered_inner_class_entry_carries_the_jdk_flags ... ok
test no_jdk_builtin_emit_e2e::builtin_generic_property_read_erases_without_jdk ... ok
test nullable_cast_e2e::nullable_reference_cast_passes_null_and_checkcasts ... ok
test nothing_nullable_e2e::nullable_nothing_elvis_takes_default ... ok
test nested_type_scope_e2e::inherited_classifier_does_not_expose_defaulted_protected_constructor ... ok
test nullable_primitive_box_e2e::boxed_nullable_int_equality ... ok
test nullable_function_type_e2e::nullable_parenthesized_function_type_param_compiles_and_runs ... ok
test nullable_primitive_box_e2e::boxed_nullable_long ... ok
test nullable_primitive_box_e2e::elvis_on_nullable_int ... ok
test nullable_primitive_box_e2e::data_class_with_nullable_int_field ... ok
test no_jdk_builtin_emit_e2e::builtin_interface_member_call_runs_without_jdk ... ok
test nullable_primitive_box_e2e::nullable_int_returned_from_function ... ok
test nullable_receiver_operator_ext_e2e::arith_on_nullable_int_receiver ... ok
test nullable_receiver_operator_ext_e2e::non_null_receiver_keeps_builtin_operator ... ok
test nullable_receiver_operator_ext_e2e::postfix_inc_on_nullable_int ... ok
test nullable_receiver_operator_ext_e2e::compare_to_on_nullable_long ... ok
test nullable_unit_e2e::nullable_unit_closure_result ... ok
test nullable_unit_e2e::elvis_with_null_keeps_nullable_unit_value ... ok
test nullable_unit_e2e::nullable_unit_param_and_local ... ok
test nullable_primitive_box_e2e::not_null_assert_on_nullable_int_arith ... ok
test nullable_ref_arg_to_erased_param_e2e::inferred_nullable_ref_passes_to_nullable_param ... ok
test nullable_unit_e2e::valueless_labeled_return_in_nullable_unit_lambda_returns_unit_value ... ok
test nullable_receiver_operator_ext_e2e::postfix_inc_on_nullable_int_nullable_ret ... ok
test nullable_vc_default_stub_e2e::copy_default_boxes_nullable_underlying_value_class ... ok
test number_assignability_e2e::primitive_assignable_to_number ... ok
test numeric_eq_conform_e2e::mixed_nullable_int_long ... ok
test numeric_eq_conform_e2e::mixed_nullable_int_double_ieee ... ok
test number_and_ctor_coverage_e2e::secondary_constructor_delegation ... ok
test numeric_eq_conform_e2e::smartcast_chain_then_numeric_eq ... ok
test numeric_eq_conform_e2e::nullable_double_equals_primitive_ieee ... ok
test no_jdk_builtin_emit_e2e::no_jdk_emit_matches_jdk_emit_for_builtin_members ... ok
test number_and_ctor_coverage_e2e::number_conversion_methods ... ok
test numeric_ops_coverage_e2e::float_double_ordered_compare ... ok
test object_default_ctor_arg_e2e::self_ref_companion_fills_object_singleton_default ... ok
test numeric_ops_coverage_e2e::float_double_remainder ... ok
test numeric_ops_coverage_e2e::unsigned_shift_right ... ok
test object_default_ctor_arg_e2e::subclass_fills_object_singleton_base_default ... ok
test object_const_val_e2e::const_val_in_object_read_from_method_and_externally ... ok
test number_and_ctor_coverage_e2e::map_entries_property ... ok
test object_extends_class_e2e::object_extends_class_with_arg ... ok
test numeric_ops_coverage_e2e::integral_or_xor ... ok
test object_extends_class_e2e::object_extends_open_class_method ... ok
test numeric_ops_coverage_e2e::int_narrowing_conversions ... ok
test object_member_import_e2e::imported_same_file_object_member_call ... ok
test object_extends_class_e2e::sealed_object_hierarchy_when_is ... ok
test object_member_import_e2e::aliased_same_file_object_member_call ... ok
test object_member_ref_import_e2e::aliased_object_member_reference ... ok
test object_member_ref_import_e2e::imported_object_vararg_collect_adapt ... ok
test object_receiver_lambda_e2e::inapplicable_constructor_without_companion_invoke_still_reports ... ok
test object_receiver_lambda_e2e::companion_receiver_lambda_param_types ... ok
test object_member_ref_import_e2e::imported_object_member_reference ... ok
test object_receiver_lambda_e2e::companion_invoke_reports_only_the_lambda_body_error ... ok
test object_receiver_lambda_e2e::object_internal_receiver_lambda_param_types ... ok
test object_receiver_lambda_e2e::companion_internal_receiver_lambda_param_types ... ok
test object_receiver_lambda_e2e::companion_receiver_lambda_after_default ... ok
test object_receiver_lambda_e2e::object_receiver_lambda_param_types ... ok
test object_receiver_lambda_e2e::object_receiver_lambda_two_params ... ok
test object_receiver_lambda_e2e::source_companion_invoke_does_not_shadow_applicable_constructor ... ok
test object_receiver_lambda_e2e::object_receiver_lambda_with_receiver_param ... ok
test object_receiver_lambda_e2e::source_class_companion_invoke_reports_only_the_argument_error ... ok
test object_receiver_lambda_e2e::source_companion_invoke_with_lambda ... ok
test object_value_inference_e2e::member_property_inferred_from_classpath_object ... ok
test object_method_ref_e2e::object_method_reference_is_bound_to_singleton ... ok
test object_receiver_lambda_e2e::source_interface_companion_invoke_with_lambda ... ok
test operator_inc_dec_e2e::non_lvalue_trailing_incdec_is_a_parse_error ... ok
test operator_inc_dec_e2e::incdec_trailing_lambda_value_local_target ... ok
test operator_inc_dec_e2e::trailing_implicit_property_inc_in_unit_extension_stays_a_statement ... ok
test operator_inc_dec_e2e::incdec_trailing_branch_value_and_index_target ... ok
test operator_inc_dec_e2e::incdec_trailing_lambda_value_member_target ... ok
test operator_index_e2e::operator_get ... ok
test operator_index_e2e::operator_get_and_set ... ok
test operator_inc_dec_e2e::member_dec_local ... ok
test overloaded_extension_e2e::binary_operator_from_two_star_imports_is_ambiguous ... ok
test operator_inc_dec_e2e::extension_inc_on_nullable_user_class ... ok
test operator_index_e2e::operator_get_string_key ... ok
test overloaded_extension_e2e::arity_overloaded_extension_distinct_bodies ... ok
test overloaded_extension_e2e::bounded_receiver_overloads_keep_distinct_erasure ... ok
test overloaded_extension_e2e::convention_calls_lower_the_exact_cross_file_source_declaration ... ok
test operator_inc_dec_e2e::trailing_incdec_lambda_reassignment_with_capture ... ok
test overloaded_extension_e2e::defaulted_extensions_from_two_star_imports_are_ambiguous ... ok
test overloaded_extension_e2e::equally_applicable_extensions_from_two_star_imports_are_ambiguous ... ok
test overloaded_extension_e2e::explicit_import_does_not_expose_unrelated_extensions_from_its_package ... ok
test overloaded_extension_e2e::convention_calls_preserve_lambda_literal_unit_coercion ... ok
test overloaded_extension_e2e::extension_callable_import_alias_resolves_the_declared_name ... ok
test overloaded_extension_e2e::cross_file_generic_extension_boxes_a_primitive_receiver ... ok
test overloaded_extension_e2e::identical_extension_signatures_in_distinct_packages_keep_source_identity ... ok
test overloaded_extension_e2e::indexed_get_from_two_star_imports_is_ambiguous ... ok
test operator_inc_dec_e2e::member_inc_local_all_forms ... ok
test operator_inc_dec_e2e::member_inc_on_field_and_index_statement ... ok
test overloaded_extension_e2e::inline_arity_overloads_expand_the_checker_selected_body ... ok
test overloaded_extension_e2e::own_package_extension_outranks_a_star_import ... ok
test overloaded_extension_e2e::top_level_callable_import_alias_invokes_the_declared_name ... ok
test overloaded_extension_e2e::internal_extension_is_visible_across_files_in_one_module ... ok
test overloaded_extension_e2e::arity_overloaded_extension_on_user_class ... ok
test overloaded_extension_e2e::widened_extensions_from_two_star_imports_are_ambiguous ... ok
test overloaded_extension_e2e::vararg_extensions_from_two_star_imports_are_ambiguous ... ok
test overloaded_extension_e2e::same_arity_overloads_lower_the_checker_selected_declaration ... ok
test overloaded_extension_e2e::unit_return_coercion_applies_only_to_lambda_literals ... ok
test overloaded_inferred_return_e2e::overloaded_top_level_defaults_use_selected_decl ... ok
test overloaded_inferred_return_e2e::selected_overload_return_not_refined_by_generic_name_match ... ok
test overloaded_inferred_return_e2e::overloaded_top_level_inline_uses_selected_decl ... ok
test overloaded_inferred_return_e2e::overloaded_top_level_spread_uses_selected_decl ... ok
test overloaded_extension_e2e::explicit_classpath_get_outranks_same_package_source_get ... ok
test overloaded_extension_e2e::internal_extension_is_not_visible_across_module_boundary ... ok
test paren_condition_newline_e2e::when_subject_expr_on_fresh_line ... ok
test parser_errors_coverage_e2e::annotation_arguments_unclosed ... ok
test parser_errors_coverage_e2e::catch_missing_paren ... ok
test overloaded_inferred_return_e2e::overloaded_inferred_returns_dont_clobber ... ok
test parser_errors_coverage_e2e::class_without_name ... ok
test parser_errors_coverage_e2e::constructor_delegation_not_this_or_super ... ok
test parser_errors_coverage_e2e::dangling_binary_operator ... ok
test parser_errors_coverage_e2e::dangling_operator_at_eof ... ok
test parser_errors_coverage_e2e::destructuring_missing_close_paren ... ok
test parser_errors_coverage_e2e::extension_fun_without_name ... ok
test parser_errors_coverage_e2e::empty_template_interpolation ... ok
test object_member_overload_e2e::singleton_member_calls_use_the_shared_source_set_harness ... ok
test parser_errors_coverage_e2e::for_without_in ... ok
test parser_errors_coverage_e2e::fun_without_name ... ok
test parser_errors_coverage_e2e::function_type_missing_result ... ok
test parser_errors_coverage_e2e::generic_type_missing_second_argument ... ok
test parser_errors_coverage_e2e::if_empty_condition ... ok
test parser_errors_coverage_e2e::interface_property_with_initializer ... ok
test parser_errors_coverage_e2e::if_without_condition_parens ... ok
test parser_errors_coverage_e2e::lambda_arrow_without_body_close ... ok
test pair_triple_e2e::pair_and_triple_constructors ... ok
test parser_errors_coverage_e2e::missing_paren_after_fun_name ... ok
test parser_errors_coverage_e2e::nested_unclosed_paren_in_call ... ok
test parser_errors_coverage_e2e::missing_type_after_colon ... ok
test parser_errors_coverage_e2e::param_without_name ... ok
test parser_errors_coverage_e2e::property_getter_missing_body ... ok
test parser_errors_coverage_e2e::stray_backslash_character ... ok
test parser_errors_coverage_e2e::stray_closing_brace_top_level ... ok
test parser_errors_coverage_e2e::stray_closing_paren_top_level ... ok
test parser_errors_coverage_e2e::try_without_catch_or_finally ... ok
test parser_errors_coverage_e2e::type_position_empty ... ok
test parser_errors_coverage_e2e::unclosed_generic_type_argument ... ok
test parser_errors_coverage_e2e::stray_hash_character ... ok
test parser_errors_coverage_e2e::unmatched_open_paren ... ok
test parser_errors_coverage_e2e::unmatched_open_brace ... ok
test parser_errors_coverage_e2e::unmatched_open_bracket ... ok
test parser_errors_coverage_e2e::unterminated_char_literal ... ok
test parser_errors_coverage_e2e::unterminated_backtick_identifier ... ok
test parser_errors_coverage_e2e::unterminated_string_literal ... ok
test parser_errors_coverage_e2e::val_without_initializer_at_eof ... ok
test parser_errors_coverage_e2e::unterminated_triple_quoted_string ... ok
test parser_errors_coverage_e2e::unterminated_template_string ... ok
test parser_errors_coverage_e2e::val_without_name ... ok
test parser_errors_coverage_e2e::when_branch_missing_arrow ... ok
test parser_errors_coverage_e2e::while_without_condition_parens ... ok
test package_qualified_type_no_import_e2e::package_qualified_param_type_resolves_without_import ... ok
test path_smartcast_e2e::custom_getter_property_is_not_narrowed ... ok
test paren_condition_newline_e2e::if_condition_on_fresh_lines ... ok
test paren_condition_newline_e2e::when_subject_on_fresh_line ... ok
test path_smartcast_e2e::and_condition_rhs_sees_property_narrowing ... ok
test path_smartcast_e2e::contract_statement_narrows_property_for_rest_of_block ... ok
test path_smartcast_e2e::final_property_on_open_class_is_narrowed ... ok
test package_qualified_type_no_import_e2e::package_qualified_ctor_call_single_segment_package ... ok
test path_smartcast_e2e::inherited_generic_property_narrows_with_applied_owner_type ... ok
test path_smartcast_e2e::generic_class_property_narrows ... ok
test path_smartcast_e2e::contract_condition_narrows_property_in_else_branch ... ok
test path_smartcast_e2e::early_return_guard_narrows_property_for_rest_of_block ... ok
test path_smartcast_e2e::redeclared_root_in_same_block_drops_path_narrowing ... ok
test path_smartcast_e2e::open_property_on_open_receiver_is_not_narrowed ... ok
test path_smartcast_e2e::is_check_narrows_val_property_type ... ok
test path_smartcast_e2e::not_null_check_narrows_val_property ... ok
test path_smartcast_e2e::is_check_narrows_nullable_primitive_property ... ok
test path_smartcast_e2e::nested_property_chain_narrows ... ok
test path_smartcast_e2e::this_narrowing_does_not_leak_into_receiver_lambda ... ok
test path_smartcast_e2e::this_narrowing_does_not_leak_into_same_type_receiver_lambda ... ok
test path_smartcast_e2e::null_check_narrows_val_property_in_else_branch ... ok
test path_smartcast_e2e::open_property_on_final_receiver_is_narrowed ... ok
test path_smartcast_e2e::var_property_is_not_narrowed ... ok
test path_smartcast_e2e::when_value_class_property_narrowing_stays_rejected ... ok
test package_qualified_type_no_import_e2e::package_qualified_internal_class_is_rejected ... ok
test path_smartcast_e2e::safe_call_method_result_narrows_root_receiver ... ok
test plugins_e2e::serializable_enum_relocates_serializer_to_companion ... ok
test path_smartcast_e2e::safe_call_nullable_primitive_property_narrows_path_and_receiver ... ok
test plugins_e2e::deser_ctor_appends_marker_for_value_class_field ... ok
test plugins_e2e::serialization_activates_from_source_annotation ... ok
test path_smartcast_e2e::this_property_narrows_in_member ... ok
test path_smartcast_e2e::this_narrowing_survives_after_receiver_lambda_ends ... ok
test primitive_bound_generic_e2e::double_bounded_type_param_is_rejected ... ok
test path_smartcast_e2e::when_arm_is_narrows_property_subject ... ok
test path_smartcast_e2e::this_property_proof_narrows_bare_read_and_vice_versa ... ok
test path_smartcast_e2e::safe_call_not_null_narrows_receiver_and_path ... ok
test plugins_e2e::serialization_plugin_runs_on_real_lowered_ir ... ok
test plugins_e2e::top_level_function_registers_parameter_defaults_for_plugins ... ok
test plugins_e2e::value_class_serializer_omits_write_self ... ok
test primitive_bound_generic_e2e::integral_bounded_type_param_specializes_to_primitive_descriptor ... ok
test primitive_box_cast_e2e::impossible_primitive_cast_is_rejected_not_miscompiled ... ok
test primitive_bound_generic_e2e::char_bounded_type_param_runs ... ok
test primitive_box_cast_e2e::inline_hof_prim_operand_is_and_as_object ... ok
test path_smartcast_e2e::while_condition_narrows_property_in_body ... ok
test primitive_box_cast_e2e::primitive_to_different_primitive_cast_throws_cce ... ok
test primitive_box_cast_e2e::primitive_cast_in_inline_generic_hof ... ok
test primitive_box_cast_e2e::primitive_to_reference_cast_boxes ... ok
test private_set_e2e::private_setter_is_not_writable_outside_its_owner ... ok
test primitive_box_cast_e2e::is_check_on_primitive_operand_boxes ... ok
test private_set_e2e::synthesized_private_setter_keeps_private_jvm_access ... ok
test primitive_operator_extension_e2e::primitive_receiver_operator_extension_infix ... ok
test primitive_operator_extension_e2e::primitive_receiver_operator_extension_dot ... ok
test primitive_spread_e2e::forward_vararg_param ... ok
test primitive_spread_e2e::spread_long_array ... ok
test property_accessor_e2e::property_accessors_run ... ok
test primitive_spread_e2e::spread_int_array_literal ... ok
test qq1_safecall_diverging_scope_block_e2e::safe_also_nonlocal_return_diverges ... ok
test property_infer_member_e2e::property_type_from_user_class_member_initializer ... ok
test property_infer_member_e2e::property_type_from_chained_member_initializer ... ok
test qq1_safecall_diverging_scope_block_e2e::safe_apply_nonlocal_return_diverges ... ok
test property_accessor_e2e::property_setter_accepts_branching_value ... ok
test property_infer_member_e2e::property_type_from_asserted_initializer ... ok
test property_conversion_inference_e2e::property_from_numeric_conversion ... ok
test qq1_safecall_diverging_scope_block_e2e::safe_let_diverging_in_value_position ... ok
test qq1_safecall_diverging_scope_block_e2e::safe_let_nonlocal_return_needs_no_hof_receiver ... ok
test private_set_e2e::private_setter ... ok
test qq1_safecall_diverging_scope_block_e2e::safe_let_reference_result_still_works ... ok
test qualified_name_e2e::deep_qualified_classpath_class_literal ... ok
test qq1_safecall_diverging_scope_block_e2e::safe_run_block_throws_is_nothing ... ok
test qualified_name_e2e::deep_qualified_classpath_static_call ... ok
test qualified_name_e2e::deep_qualified_classpath_nested_package ... ok
test qq1_safecall_diverging_scope_block_e2e::safe_let_nonlocal_return_on_inline_hof_result ... ok
test qualified_name_e2e::deep_qualified_classpath_construction ... ok
test qualified_name_e2e::package_qualified_top_level_function ... ok
test qualified_name_e2e::qualified_companion_const_read ... ok
test qualified_name_e2e::qualified_companion_function_call ... ok
test qualified_name_e2e::package_qualified_top_level_const ... ok
test qualified_name_e2e::qualified_as_target ... ok
test qualified_name_e2e::qualified_class_literal ... ok
test qualified_name_e2e::qualified_callable_reference ... ok
test qualified_name_e2e::qualified_companion_val_read ... ok
test qualified_name_e2e::qualified_companion_named_explicitly ... ok
test qualified_name_e2e::qualified_companion_var_read ... ok
test qualified_name_e2e::qualified_constructor_call ... ok
test qualified_name_e2e::qualified_constructor_call_uses_defaults ... ok
test qualified_name_e2e::qualified_constructor_under_object ... ok
test qualified_name_e2e::qualified_enum_entries_read ... ok
test qualified_name_e2e::qualified_enum_entry_read ... ok
test qualified_name_e2e::qualified_enum_values_call ... ok
test qualified_name_e2e::qualified_name_with_unknown_member_is_rejected ... ok
test qualified_name_e2e::qualified_name_with_unknown_package_is_rejected ... ok
test qualified_name_e2e::qualified_explicit_type_argument ... ok
test qualified_name_e2e::qualified_kotlin_builtin_type ... ok
test qualified_name_e2e::qualified_is_target ... ok
test qualified_name_e2e::package_qualified_top_level_property_read ... ok
test qualified_name_e2e::package_qualified_top_level_var_write ... ok
test qualified_name_e2e::qualified_companion_var_write ... ok
test qualified_name_e2e::qualified_nested_class_literal ... ok
test qualified_name_e2e::qualified_nested_constructor_call ... ok
test qualified_name_e2e::qualified_nested_object_function_call ... ok
test qualified_name_e2e::qualified_nullable_type_annotation ... ok
test qualified_name_e2e::qualified_nested_type_annotation ... ok
test qualified_name_e2e::qualified_object_as_value ... ok
test qualified_name_e2e::qualified_nested_object_member_read ... ok
test qualified_name_e2e::qualified_object_property_read ... ok
test qualified_name_e2e::qualified_object_function_call ... ok
test qualified_name_e2e::qualified_object_property_write ... ok
test qualified_name_e2e::qualified_supertype_class ... ok
test qualified_name_e2e::qualified_type_annotation ... ok
test qualified_name_e2e::qualified_supertype_interface ... ok
test qualified_name_e2e::qualified_typealias_construction ... ok
test qualified_name_e2e::qualified_type_argument ... ok
test qualified_name_e2e::qualified_when_is_branch ... ok
test qualified_name_e2e::value_root_shadows_a_package_name ... ok
test receiver_fn_value_invoke_e2e::cross_file_receiver_function_property_uses_implicit_receiver ... ok
test receiver_fn_value_invoke_e2e::bare_receiver_function_uses_implicit_receiver ... ok
test receiver_fn_value_invoke_e2e::ctor_receiver_lambda_binds_implicit_this ... ok
test raw_string_interpolation_e2e::raw_string_interpolation_and_verbatim_chunks ... ok
test receiver_fn_value_invoke_e2e::ordinary_function_does_not_consume_implicit_receiver ... ok
test range_property_e2e::toplevel_range_property_iterates ... ok
test receiver_fn_value_invoke_e2e::inferred_expression_preserves_receiver_function_shape ... ok
test receiver_fn_value_invoke_e2e::dispatch_property_origin_is_preserved ... ok
test receiver_fn_value_invoke_e2e::enclosing_and_interface_property_origins_are_preserved ... ok
test receiver_fn_value_invoke_e2e::nearest_compatible_implicit_receiver_is_selected ... ok
test receiver_fn_value_invoke_e2e::real_member_still_wins_over_scope_value ... ok
test receiver_fn_value_invoke_e2e::member_extension_precedes_dispatch_receiver_function_property ... ok
test receiver_fn_value_invoke_e2e::safe_call_receiver_fn_param_invoke ... ok
test receiver_fn_value_invoke_e2e::safe_cast_then_receiver_fn_invoke ... ok
test receiver_fn_value_invoke_e2e::unrelated_explicit_receiver_is_rejected ... ok
test receiver_fn_value_invoke_e2e::plain_receiver_fn_param_invoke ... ok
test receiver_fn_value_invoke_e2e::member_extension_accepts_unit_receiver_lambda ... ok
test receiver_fn_value_invoke_e2e::top_level_receiver_function_uses_implicit_receiver ... ok
test receiver_fn_value_invoke_e2e::receiver_fn_with_value_args ... ok
test receiver_fn_value_invoke_e2e::suspend_receiver_fn_param_invoke ... ok
test receiver_lambda_e2e::member_receiver_lambda_runs ... ok
test receiver_fn_value_invoke_e2e::suspend_receiver_fn_safe_call_invoke ... ok
test receiver_fn_value_invoke_e2e::suspend_receiver_fn_invoke_parks_and_resumes ... ok
test receiver_lambda_in_method_e2e::build_list_reads_enclosing_field ... ok
test receiver_lambda_in_method_e2e::build_list_without_enclosing_use ... ok
test receiver_lambda_in_method_e2e::build_list_loops_over_enclosing_field ... ok
test receiver_lambda_in_method_e2e::build_string_reads_enclosing_field ... ok
test receiver_lambda_in_method_e2e::build_list_calls_enclosing_method ... ok
test receiver_lambda_in_method_e2e::inherited_generic_method_keeps_inferred_return ... ok
test receiver_lambda_in_method_e2e::nested_generic_receiver_lambda_keeps_inferred_return ... ok
test reference_adaptation_e2e::adapt_coercion_primitive_discard ... ok
test reference_adaptation_e2e::adapt_coercion_wide_discard ... ok
test reference_adaptation_e2e::adapt_coercion_to_unit ... ok
test receiver_lambda_in_method_e2e::enclosing_overload_uses_checker_selection ... ok
test receiver_lambda_in_method_e2e::enclosing_method_preserves_named_default_mapping ... ok
test reference_adaptation_e2e::adapt_generic_expected_type_preserves_named_argument_return_precision ... ok
test reference_adaptation_e2e::adapt_generic_expected_type_uses_named_sibling_argument_binding ... ok
test range_step_e2e::stepped_progressions_run ... ok
test reference_adaptation_e2e::adapt_generic_expected_type_uses_parameter_variance ... ok
test reference_adaptation_e2e::adapt_trailing_default_argument ... ok
test reference_adaptation_e2e::adapt_default_and_vararg_to_unit ... ok
test reference_adaptation_e2e::adapt_trailing_empty_vararg ... ok
test receiver_lambda_in_method_e2e::receiver_wins_over_enclosing_on_name_clash ... ok
test reference_adaptation_e2e::adapt_trailing_default_through_repeated_generic_constraint ... ok
test reference_adaptation_e2e::adapt_trailing_default_through_generic_expected_type ... ok
test receiver_lambda_in_method_e2e::receiver_lambda_without_outer_use_in_value_class ... ok
test reference_adaptation_e2e::adapt_vararg_collection ... ok
test reference_adaptation_e2e::adapted_covariant_value_class_return_boxes_before_widening ... ok
test reference_adaptation_e2e::adapt_vararg_collection_primitive ... ok
test reference_adaptation_e2e::adapted_reference_selects_overloaded_generic_hof ... ok
test reference_adaptation_e2e::adapted_parameter_variance_boxes_for_the_target_parameter ... ok
test reference_adaptation_e2e::cross_file_value_class_constructor_default_reports_materialization_error ... ok
test reference_adaptation_e2e::adapted_overload_specificity_uses_target_parameter_types ... ok
test reference_adaptation_e2e::adapted_overload_is_selected_from_generic_expected_type ... ok
test reference_adaptation_e2e::cross_file_adapted_value_class_return_boxes_before_widening ... ok
test reference_adaptation_e2e::explicit_type_arguments_constrain_adapted_reference ... ok
test reference_adaptation_e2e::cross_file_adapted_value_class_parameter_materializes_simple_default ... ok
test reference_adaptation_e2e::adapted_covariant_return_boxes_for_the_expected_return ... ok
test reference_adaptation_e2e::generic_bound_constrains_adapted_reference ... ok
test reference_adaptation_e2e::private_cross_file_adapted_reference_is_inaccessible ... ok
test reference_adaptation_e2e::multiple_adapted_references_share_call_type_bindings ... ok
test reference_adaptation_e2e::cross_file_value_class_reference_drops_vararg_with_ordinary_call ... ok
test reference_adaptation_e2e::cross_file_nullable_value_class_return_boxes_null_safely_before_widening ... ok
test reference_adaptation_e2e::public_cross_file_adapted_reference_materializes_source_default ... ok
test reference_adaptation_e2e::default_and_empty_vararg_call ... ok
test reference_adaptation_e2e::cross_file_value_class_reference_coerces_return_to_unit ... ok
test reference_adaptation_e2e::same_file_adapted_value_class_parameter_uses_boxed_lambda_boundary ... ok
test reference_in_range_e2e::user_class_member_range_in_operator ... ok
test reference_range_expression_e2e::heterogeneous_extension_range_to ... ok
test reference_in_range_e2e::extension_range_in_operator ... ok
test reified_inline_check_e2e::reified_on_inline_ok ... ok
test reified_inline_check_e2e::plain_generic_non_inline_ok ... ok
test reified_inline_check_e2e::reified_on_non_inline_rejected ... ok
test reified_inline_check_e2e::inline_without_reified_ok ... ok
test reified_inline_check_e2e::reified_second_param_on_non_inline_rejected ... ok
test reified_inline_return_infer_e2e::primitive_reified_return_inferred_from_expected ... ok
test reified_inline_return_infer_e2e::reified_inline_return_inferred_from_expected ... ok
test reference_range_expression_e2e::string_range_binds_and_contains ... ok
test reference_range_expression_e2e::bounded_closed_range_bridge_selects_the_override_over_a_sibling ... ok
test relational_compare_to_seam_e2e::relation_with_non_comparable_right_operand_is_rejected ... ok
test reference_range_expression_e2e::user_range_to_operator_range_value ... ok
test relational_compare_to_seam_e2e::enum_and_string_relations_run_without_stdlib ... ok
test reference_range_expression_e2e::heterogeneous_member_range_to_precedes_extension ... ok
test require_check_smartcast_e2e::check_is_smartcasts_the_binding ... ok
test reference_range_expression_e2e::user_comparable_range_binds_and_contains ... ok
test relational_compare_to_seam_e2e::enum_and_string_relations_run_with_stdlib ... ok
test reified_inline_splice_ldc_wide_e2e::reified_filterisinstance_splice_against_stdlib ... ok
test require_check_smartcast_e2e::function_property_require_does_not_apply_stdlib_contract ... ok
test require_check_smartcast_e2e::implicit_receiver_member_require_does_not_apply_stdlib_contract ... ok
test require_check_smartcast_e2e::local_check_does_not_apply_stdlib_contract ... ok
test require_check_smartcast_e2e::local_require_does_not_apply_stdlib_contract ... ok
test resolve_parse_deep_coverage_e2e::companion_member_from_instance ... ok
test resolve_parse_deep_coverage_e2e::enum_entry_and_when ... ok
test require_check_smartcast_e2e::require_is_smartcasts_the_binding ... ok
test reference_range_expression_e2e::classpath_extensions_honor_dependent_and_secondary_bounds ... ok
test resolve_parse_deep_coverage_e2e::fully_qualified_stdlib_calls ... ok
test resolve_parse_deep_coverage_e2e::callable_references ... ok
test resolve_parse_deep_coverage_e2e::extension_property_and_generic ... ok
test resolve_parse_deep_coverage_e2e::extension_infix_and_operator ... ok
test resolve_parse_deep_coverage_e2e::anonymous_functions ... ok
test resolve_parse_deep_coverage_e2e::import_object_member ... ok
test resolve_parse_deep_coverage_e2e::generic_inference_from_args_and_return ... ok
test resolve_parse_deep_coverage_e2e::if_when_try_as_expression_vals ... ok
test resolve_parse_deep_coverage_e2e::extension_chained_calls ... ok
test resolve_parse_deep_coverage_e2e::import_alias ... ok
test resolve_parse_deep_coverage_e2e::destructuring_declarations ... ok
test resolve_parse_deep_coverage_e2e::import_top_level_math ... ok
test resolve_parse_deep_coverage_e2e::extension_on_stdlib_types ... ok
test resolve_parse_deep_coverage_e2e::multiline_string_trim_indent ... ok
test resolve_parse_deep_coverage_e2e::nested_class_qualified_access ... ok
test resolve_parse_deep_coverage_e2e::numeric_literal_forms ... ok
test resolve_parse_deep_coverage_e2e::overload_by_nullability ... ok
test resolve_parse_deep_coverage_e2e::overload_by_param_type ... ok
test resolve_parse_deep_coverage_e2e::local_and_param_shadowing ... ok
test resolve_parse_deep_coverage_e2e::nested_local_functions ... ok
test resolve_parse_deep_coverage_e2e::overload_generic_vs_concrete ... ok
test resolve_parse_deep_coverage_e2e::overload_most_specific ... ok
test resolve_parse_deep_coverage_e2e::overload_default_via_named_args ... ok
test resolve_parse_deep_coverage_e2e::labeled_loops_and_breaks ... ok
test resolve_parse_deep_coverage_e2e::overload_by_arity ... ok
test resolve_parse_deep_coverage_e2e::sealed_smartcast_when ... ok
test resolve_parse_deep_coverage_e2e::spread_operator_into_vararg ... ok
test resolve_parse_deep_coverage_e2e::overload_vararg_vs_fixed ... ok
test resolve_parser_diag_coverage_e2e::abstract_and_final_member ... ok
test resolve_parser_diag_coverage_e2e::abstract_member_with_body ... ok
test resolve_parser_diag_coverage_e2e::assignment_missing_rhs_at_eof ... ok
test resolve_parse_deep_coverage_e2e::lambda_explicit_and_destructuring_params ... ok
test resolve_parser_diag_coverage_e2e::call_argument_trailing_comma_then_close ... ok
test resolve_parser_diag_coverage_e2e::catch_type_missing ... ok
test resolve_parser_diag_coverage_e2e::assign_to_this ... ok
test resolve_parse_deep_coverage_e2e::trailing_lambda_with_other_args ... ok
test resolve_parser_diag_coverage_e2e::companion_method_default_arity_overlap_stays_rejected ... ok
test resolve_parser_diag_coverage_e2e::companion_member_collides_with_instance ... ok
test resolve_parse_deep_coverage_e2e::top_level_property_and_const ... ok
test resolve_parse_deep_coverage_e2e::trailing_commas_everywhere ... ok
test resolve_parser_diag_coverage_e2e::do_while_missing_while ... ok
test resolve_parser_diag_coverage_e2e::double_colon_without_reference ... ok
test resolve_parser_diag_coverage_e2e::data_class_param_not_val_or_var ... ok
test resolve_parser_diag_coverage_e2e::conflicting_extension_functions ... ok
test resolve_parser_diag_coverage_e2e::else_without_if ... ok
test resolve_parse_deep_coverage_e2e::string_templates_and_escapes ... ok
test resolve_parser_diag_coverage_e2e::companion_property_custom_accessor ... ok
test resolve_parser_diag_coverage_e2e::enum_entry_body_with_nested_class ... ok
test resolve_parser_diag_coverage_e2e::generic_call_missing_type_argument ... ok
test resolve_parse_deep_coverage_e2e::range_expressions ... ok
test resolve_parser_diag_coverage_e2e::duplicate_constructor_parameter ... ok
test resolve_parser_diag_coverage_e2e::duplicate_enum_entry ... ok
test resolve_parser_diag_coverage_e2e::nested_generic_unclosed ... ok
test resolve_parser_diag_coverage_e2e::duplicate_type_parameter ... ok
test resolve_parser_diag_coverage_e2e::companion_method_vararg_arity_overlap_stays_rejected ... ok
test resolve_parser_diag_coverage_e2e::increment_on_string_variable ... ok
test resolve_parser_diag_coverage_e2e::empty_array_of_without_type ... ok
test resolve_parser_diag_coverage_e2e::instantiate_abstract_class ... ok
test resolve_parser_diag_coverage_e2e::property_without_initializer_not_lateinit ... ok
test resolve_parser_diag_coverage_e2e::instantiate_interface ... ok
test resolve_parse_deep_coverage_e2e::this_label_and_backing_field ... ok
test resolve_parser_diag_coverage_e2e::multiple_vararg_parameters ... ok
test resolve_parser_diag_coverage_e2e::nested_try_with_finally ... ok
test resolve_parser_diag_coverage_e2e::non_dispatchable_operator_extension_on_nullable_primitive ... ok
test resolve_parser_diag_coverage_e2e::secondary_constructor_in_enum ... ok
test resolve_parser_diag_coverage_e2e::operator_extension_on_nullable_receiver ... ok
test resolve_parser_diag_coverage_e2e::string_template_unclosed_brace_expr ... ok
test resolve_parser_diag_coverage_e2e::type_parameter_bound_missing_type ... ok
test resolve_parser_diag_coverage_e2e::type_parameter_primitive_upper_bound ... ok
test resolve_parser_diag_coverage_e2e::range_over_doubles ... ok
test resolve_parser_diag_coverage_e2e::when_subject_unclosed_paren ... ok
test resolve_parser_diag_coverage_e2e::referential_equality_on_mismatched_primitive_types ... ok
test resolve_parser_diag_coverage_e2e::referential_equality_on_strings ... ok
test resolve_parser_diag_coverage_e2e::while_missing_body_at_eof ... ok
test resolve_parser_diag_coverage_e2e::return_outside_function ... ok
test resolve_parser_diag_coverage_e2e::secondary_constructor_not_delegating_to_primary ... ok
test resolve_parser_diag_coverage_e2e::reified_without_inline ... ok
test resolve_parser_diag_coverage_e2e::referential_equality_on_a_value_class_operand ... ok
test resolve_parser_diag_coverage_e2e::unresolved_qualified_type ... ok
test resolve_parser_diag_coverage_e2e::plus_on_booleans ... ok
test resolve_parser_diag_coverage_e2e::when_with_two_else_branches ... ok
test resolve_reject_coverage_e2e::conflicting_extension_property_rejected ... ok
test resolver_errors_coverage_e2e::and_operands_not_boolean ... ok
test resolver_errors_coverage_e2e::assign_boolean_to_int ... ok
test resolve_reject_coverage_e2e::top_level_property_custom_accessor_rejected ... ok
test resolve_reject_coverage_e2e::duplicate_local_declaration_rejected ... ok
test resolver_errors_coverage_e2e::assign_to_literal ... ok
test resolver_errors_coverage_e2e::assign_wrong_type_to_var_member ... ok
test resolver_errors_coverage_e2e::compare_string_with_int ... ok
test resolver_errors_coverage_e2e::conflicting_local_val ... ok
test resolver_errors_coverage_e2e::conflicting_top_level_classes ... ok
test resolver_errors_coverage_e2e::call_non_callable_property ... ok
test resolver_errors_coverage_e2e::constructor_too_few_args ... ok
test resolver_errors_coverage_e2e::conflicting_top_level_functions_same_signature ... ok
test resolver_errors_coverage_e2e::continue_unresolved_label ... ok
test resolver_errors_coverage_e2e::constructor_too_many_args ... ok
test resolver_errors_coverage_e2e::augmented_assign_val ... ok
test resolver_errors_coverage_e2e::constructor_arg_type_mismatch ... ok
test resolver_errors_coverage_e2e::elvis_on_non_null_operand ... ok
test resolver_errors_coverage_e2e::extension_on_wrong_receiver ... ok
test resolver_errors_coverage_e2e::destructure_non_destructurable ... ok
test resolver_errors_coverage_e2e::for_over_non_iterable ... ok
test resolver_errors_coverage_e2e::incompatible_if_branches ... ok
test resolver_errors_coverage_e2e::for_over_boolean ... ok
test resolver_errors_coverage_e2e::generic_local_function ... ok
test resolver_errors_coverage_e2e::local_function_wrong_arity ... ok
test resolver_errors_coverage_e2e::multiply_two_strings ... ok
test resolver_errors_coverage_e2e::override_with_wrong_signature ... ok
test resolver_errors_coverage_e2e::index_read_on_non_array ... ok
test resolver_errors_coverage_e2e::index_assign_on_non_array ... ok
test resolver_errors_coverage_e2e::return_value_from_unit_function ... ok
test resolver_errors_coverage_e2e::non_exhaustive_when_over_enum ... ok
test resolver_errors_coverage_e2e::non_exhaustive_when_over_sealed ... ok
test resolver_errors_coverage_e2e::no_smart_cast_on_var ... ok
test resolver_errors_coverage_e2e::range_over_strings ... ok
test resolver_errors_coverage_e2e::this_with_unresolved_outer_label ... ok
test resolver_errors_coverage_e2e::increment_val_member ... ok
test resolver_errors_coverage_e2e::unary_minus_on_string ... ok
test resolver_errors_coverage_e2e::unary_not_on_int ... ok
test resolver_errors_coverage_e2e::stdlib_arg_type_mismatch ... ok
test resolver_errors_coverage_e2e::unresolved_member_on_boolean ... ok
test resolver_errors_coverage_e2e::unresolved_enum_entry ... ok
test resolver_errors_coverage_e2e::var_reassign_wrong_type ... ok
test resolver_errors_coverage_e2e::unresolved_method_on_user_class ... ok
test resolver_errors_coverage_e2e::while_condition_not_boolean ... ok
test resolver_errors_coverage_e2e::unresolved_member_on_int ... ok
test resolver_regression_e2e::anonymous_object_keeps_enclosing_function_type_params ... ok
test result_e2e::result_success_get_or_throw ... ok
test resolver_regression_e2e::primitive_builtin_infix_extension_source_form_matters ... ok
test resolver_regression_e2e::unsigned_narrow_metadata_return_round_trips ... ok
test resolver_regression_e2e::unsigned_integral_conversions_resolve_from_metadata ... ok
test result_e2e::result_success_get_or_null ... ok
test safe_call_any_member_e2e::a_member_wins_over_a_same_named_extension_on_a_supertype ... ok
test safe_call_any_member_e2e::a_member_wins_over_a_same_named_extension_on_an_interface ... ok
test run_noreceiver_e2e::no_receiver_run_with_branchy_body ... ok
test safe_call_any_member_e2e::safe_to_string_evaluates_its_receiver_once ... ok
test resolver_regression_e2e::property_first_and_extension_first_call_do_not_collide ... ok
test resolver_regression_e2e::unsigned_binary_operators_use_library_type_identity ... ok
test safe_call_any_member_e2e::safe_to_string_dispatches_to_an_override ... ok
test resolver_regression_e2e::overloaded_metadata_return_does_not_pollute_progression_step ... ok
test safe_call_any_member_e2e::safe_to_string_on_a_collection_receiver ... ok
test safe_call_argument_list_e2e::equally_ranked_named_safe_extensions_are_ambiguous ... ok
test safe_call_any_member_e2e::same_named_overload_of_another_arity_does_not_veto_the_call ... ok
test safe_call_argument_list_e2e::inapplicable_member_does_not_block_reordered_named_extension ... ok
test safe_call_argument_list_e2e::inline_named_call_synthesizes_omitted_vararg ... ok
test safe_call_argument_list_e2e::inapplicable_member_overloads_do_not_block_safe_extension ... ok
test safe_call_argument_list_e2e::expanded_positional_source_extension_vararg_is_packed ... ok
test resolver_regression_e2e::lambda_return_overload_stays_separate_from_normal_inline_hofs ... ok
test safe_call_argument_list_e2e::inline_named_arguments_keep_source_evaluation_order ... ok
test safe_call_argument_list_e2e::inline_named_vararg_uses_parameter_slots ... ok
test safe_call_argument_list_e2e::invalid_named_safe_extension_does_not_resolve_positionally ... ok
test safe_call_argument_list_e2e::named_argument_with_a_default_on_a_safe_extension_call ... ok
test safe_call_argument_list_e2e::named_argument_on_a_safe_scope_call ... ok
test safe_call_argument_list_e2e::named_argument_with_a_default_on_a_safe_member_call ... ok
test safe_call_argument_list_e2e::module_extension_named_call_keeps_source_evaluation_order ... ok
test safe_call_argument_list_e2e::classpath_extension_named_call_keeps_source_evaluation_order ... ok
test safe_call_argument_list_e2e::named_arguments_on_a_safe_extension_call ... ok
test safe_call_argument_list_e2e::named_safe_extension_uses_closest_receiver ... ok
test safe_call_argument_list_e2e::named_arguments_on_a_safe_library_extension_call ... ok
test safe_call_argument_list_e2e::named_arguments_on_a_safe_member_call ... ok
test safe_call_argument_list_e2e::named_safe_extension_uses_the_most_specific_value_parameter ... ok
test safe_call_argument_list_e2e::classpath_named_call_evaluates_receiver_before_arguments ... ok
test safe_call_e2e::safe_call_on_null_literal_yields_null ... ok
test safe_call_argument_list_e2e::null_safe_call_does_not_evaluate_arguments ... ok
test safe_call_argument_list_e2e::named_value_class_extension_keeps_the_logical_receiver_representation ... ok
test safe_call_argument_list_e2e::qualified_named_call_evaluates_receiver_before_arguments ... ok
test safe_call_argument_list_e2e::spread_argument_on_a_safe_member_call ... ok
test safe_call_argument_list_e2e::source_extension_named_call_keeps_source_evaluation_order ... ok
test safe_call_e2e::safe_call_to_module_extension ... ok
test safe_call_e2e::safe_calls_run ... ok
test safe_call_argument_list_e2e::named_safe_extension_rank_beats_declaration_origin ... ok
test safe_call_e2e::safe_call_preserves_explicit_extension_type_arguments ... ok
test safe_call_member_on_generic_result_e2e::safe_call_member_on_find_result ... ok
test safe_call_prim_intrinsic_e2e::dot_path_compareto_regression ... ok
test safe_call_generic_field_e2e::safe_call_generic_field_coerces ... ok
test safe_call_prim_intrinsic_e2e::dot_path_bitwise_regression ... ok
test safe_call_prim_intrinsic_e2e::safe_call_bitwise_on_nonnull_primitive ... ok
test safe_call_let_destructure_e2e::safe_let_destructures_map_entry ... ok
test safe_call_member_on_generic_result_e2e::safe_call_member_on_first_or_null_result ... ok
test safe_call_prim_intrinsic_e2e::safe_call_compareto_on_nonnull_primitive ... ok
test safe_call_primitive_e2e::safecall_any_methods_on_primitive ... ok
test safe_call_let_destructure_e2e::safe_let_destructure_result_flows_to_inferred_return ... ok
test safe_call_primitive_e2e::safecall_boolean_bitwise ... ok
test safe_call_primitive_e2e::safecall_fun_receiver_scope_let ... ok
test safe_call_primitive_e2e::safecall_array_size ... ok
test safe_call_argument_list_e2e::named_arguments_on_a_safe_classpath_member_call ... ok
test safe_call_primitive_e2e::safecall_generic_source_extension_preserves_call_site_type ... ok
test safe_call_primitive_e2e::safecall_library_extension_resolution_is_representation_neutral ... ok
test safe_call_primitive_e2e::safecall_shadowed_tostring_uses_builtin ... ok
test safe_call_primitive_e2e::safecall_char_receiver ... ok
test safe_call_primitive_e2e::safecall_arith_fold_on_nonnull_primitive ... ok
test safe_call_primitive_e2e::safecall_user_ext_on_nullable_primitive ... ok
test safe_call_primitive_e2e::safecall_unary_on_nullable_primitive ... ok
test safe_call_primitive_e2e::safecall_scope_fn_on_primitive ... ok
test safe_call_unresolved_member_e2e::classpath_less_string_overload_mismatch_is_not_called_unresolved ... ok
test safe_call_primitive_e2e::safecall_builtin_op_on_nullable_primitive ... ok
test safe_call_primitive_e2e::safecall_user_ext_primitive_equality ... ok
test safe_call_primitive_e2e::safecall_user_ext_on_nonnull_primitive ... ok
test safe_call_primitive_e2e::safecall_receiver_fn_value_invoke ... ok
test safe_call_unresolved_member_e2e::class_receiver_unresolved_call_is_reported ... ok
test safe_call_unresolved_member_e2e::nothing_nullable_receiver_unresolved_call_is_reported ... ok
test safe_call_unresolved_member_e2e::null_receiver_unresolved_call_is_reported ... ok
test safe_call_unresolved_member_e2e::nothing_nullable_receiver_calls_any_member ... ok
test safe_call_unresolved_member_e2e::user_string_extension_outranks_the_classpath_less_table ... ok
test safe_call_unresolved_member_e2e::unresolved_property_behind_safe_call_still_reported ... ok
test safe_call_unresolved_member_e2e::nullable_string_receiver_unresolved_call_is_reported ... ok
test safe_call_unresolved_member_e2e::nullable_primitive_receiver_unresolved_call_is_reported ... ok
test safe_cast_elvis_e2e::safe_cast_failure_then_elvis ... ok
test safe_cast_elvis_e2e::nullable_type_still_parses ... ok
test safe_cast_elvis_e2e::safe_cast_primitive_operand ... ok
test safe_cast_elvis_e2e::safe_cast_success_then_elvis ... ok
test safe_call_unresolved_member_e2e::resolvable_safe_calls_are_not_reported ... ok
test safe_cast_elvis_e2e::safe_cast_to_primitive_then_elvis ... ok
test safe_call_primitive_e2e::unsupported_safecall_shapes_still_rejected ... ok
test safe_cast_elvis_e2e::safe_cast_to_reference_expression_body ... ok
test sam_classpath_e2e::classpath_sam_bridge_for_comparable_runs ... ok
test sam_classpath_e2e::java_runnable_sam_lambda_runs ... ok
test sam_conversion_e2e::actual_interface_instance_still_passes ... ok
test sam_conversion_e2e::fun_interface_with_param ... ok
test sam_conversion_e2e::generic_fun_interface ... ok
test sam_classpath_e2e::zero_argument_functional_interface_parameter_of_a_member_accepts_a_lambda ... ok
test sam_conversion_e2e::lambda_to_fun_interface_argument ... ok
test sam_generic_lambda_param_e2e::generic_sam_parameter_respects_declared_bound ... ok
test sam_generic_lambda_param_e2e::generic_sam_parameter_binds_from_named_argument ... ok
test sam_generic_lambda_param_e2e::generic_sam_parameter_substitutes_nested_types ... ok
test samefile_nested_object_value_e2e::same_file_sealed_nested_object_read ... ok
test scope_chain_e2e::a_companion_body_has_no_enclosing_instance ... ok
test scope_chain_e2e::a_nested_class_cannot_name_the_outer_classs_type_parameter ... ok
test scope_chain_e2e::a_type_parameter_does_not_leak_to_the_next_declaration ... ok
test safe_call_unresolved_member_e2e::unselectable_but_existing_members_are_not_called_unresolved ... ok
test scope_chain_e2e::a_member_extension_property_does_not_consume_the_class_scope ... ok
test scope_chain_e2e::a_reified_mark_does_not_leak_to_the_next_declaration ... ok
test scope_chain_e2e::a_member_property_type_parameter_does_not_leak_into_the_class_body ... ok
test scope_chain_e2e::a_reified_type_parameter_does_not_leak_into_later_declarations ... ok
test scope_chain_e2e::an_assignment_in_a_nested_block_invalidates_an_outer_narrowing ... ok
test sealed_cross_file_metadata_e2e::sealed_metadata_includes_sibling_file_subclasses ... ok
test sealed_interface_nested_e2e::data_object_has_no_copy ... ok
test sealed_interface_nested_e2e::sealed_interface_nested_subclasses_emit ... ok
test scope_chain_e2e::an_extension_function_default_argument_sees_the_receiver ... ok
test scope_chain_e2e::an_extension_property_delegate_has_no_receiver ... ok
test scope_chain_e2e::assigning_to_a_shadowing_variable_keeps_the_outer_narrowing ... ok
test sealed_object_value_match_e2e::sealed_object_value_match ... ok
test scope_chain_e2e::an_inner_class_can_name_the_outer_classs_type_parameter ... ok
test same_package_classpath_e2e::same_package_classpath_constructors_resolve_without_import ... ok
test scope_chain_e2e::a_shadowing_loop_variable_does_not_inherit_the_outer_path_proof ... ok
test scope_function_value_arg_e2e::apply_accepts_receiver_function_value_argument ... ok
test secondary_ctor_noprimary_e2e::no_primary_single_secondary_implicit_super ... ok
test secondary_ctor_this_sibling_e2e::ambiguous_this_delegation_is_diagnosed ... ok
test secondary_ctor_this_sibling_e2e::constructor_delegation_requires_spread_for_an_array_vararg_argument ... ok
test secondary_ctor_this_sibling_e2e::branchy_delegation_arguments_keep_this_uninitialized_in_frames ... ok
test secondary_ctor_noprimary_e2e::no_primary_super_delegation_to_base ... ok
test secondary_ctor_noprimary_e2e::no_primary_many_sinks_init_runs_per_ctor ... ok
test secondary_ctor_this_sibling_e2e::named_this_delegation_is_reordered_for_the_primary ... ok
test secondary_ctor_this_sibling_e2e::constructor_delegation_combines_listed_and_spread_varargs ... ok
test secondary_ctor_noprimary_e2e::no_primary_this_delegation_to_sibling ... ok
test secondary_ctor_this_sibling_e2e::constructor_delegation_cycle_is_diagnosed ... ok
test secondary_ctor_this_sibling_e2e::named_this_delegation_keeps_source_evaluation_order ... ok
test secondary_ctor_this_sibling_e2e::secondary_constructor_defaults_work_for_calls_and_delegation ... ok
test secondary_ctor_this_sibling_e2e::this_delegation_supports_primary_defaults_and_varargs ... ok
test secondary_ctor_this_sibling_e2e::this_delegation_targets_sibling_secondary ... ok
test safe_call_primitive_e2e::corpus_safecall_primitives_box_ok ... ok
test serialization_coverage_e2e::descriptor_element_index_introspection_in_krusty ... ok
test serialization_coverage_e2e::standalone_enum_round_trips_in_krusty ... ok
test serialization_coverage_e2e::multi_class_reference_graph_round_trips_in_krusty ... ok
test serialization_coverage_e2e::all_primitives_data_class_round_trips_in_krusty ... ok
test serialization_coverage_e2e::nullable_nested_and_list_round_trip_in_krusty ... ok
test serialization_coverage_e2e::list_of_serializable_round_trips_in_krusty ... ok
test serialization_krusty_only_e2e::ambiguous_import_resolves_in_signature_phase ... ok
test diagnostics_match_kotlinc::errors_match_kotlinc_in_text_and_location ... ok
test serialization_krusty_only_e2e::descriptor_element_introspection_in_krusty ... ok
test serialization_krusty_only_e2e::default_value_descriptor_is_optional_in_krusty ... ok
test serialization_krusty_only_e2e::default_value_decode_fills_default_in_krusty ... ok
test serialization_krusty_only_e2e::classpath_typed_field_serializer_in_krusty ... ok
test serialization_krusty_only_e2e::default_value_encode_omission_in_krusty ... ok
test serialization_krusty_only_e2e::collection_field_serializer_in_krusty ... ok
test serialization_krusty_only_e2e::contextual_serialization_descriptor_kind_in_krusty ... ok
test serialization_krusty_only_e2e::custom_serializer_with_clause_entirely_in_krusty ... ok
test serialization_krusty_only_e2e::abstract_class_field_polymorphic_serializer_in_krusty ... ok
test serialization_krusty_only_e2e::enum_serializer_entirely_in_krusty ... ok
test serialization_krusty_only_e2e::custom_serializer_object_with_primitive_descriptor_in_krusty ... ok
test serialization_krusty_only_e2e::interface_field_polymorphic_serializer_in_krusty ... ok
test serialization_krusty_only_e2e::nested_generic_field_serializer_in_krusty ... ok
test serialization_krusty_only_e2e::generic_class_serializer_in_krusty ... ok
test serialization_krusty_only_e2e::non_serializable_sealed_interface_field_is_polymorphic_in_krusty ... ok
test serialization_krusty_only_e2e::descriptor_element_names_extension_property_in_krusty ... ok
test serialization_krusty_only_e2e::reified_serializer_round_trips_entirely_in_krusty ... ok
test serialization_krusty_only_e2e::reified_serializer_free_function_and_data_object_in_krusty ... ok
test serialization_krusty_only_e2e::serial_name_with_dollar_char_template_round_trips_in_krusty ... ok
test serialization_krusty_only_e2e::sealed_typed_field_serializer_in_krusty ... ok
test serialization_krusty_only_e2e::sealed_class_polymorphic_serializer_in_krusty ... ok
test serialization_krusty_only_e2e::sealed_interface_field_serializer_in_krusty ... ok
test serialization_roundtrip_e2e::serializable_class_encode_round_trips ... ok
test serialization_krusty_only_e2e::serial_name_overrides_json_key_entirely_in_krusty ... ok
test serialization_krusty_only_e2e::serializable_class_encodes_to_json_entirely_in_krusty ... ok
test serialization_krusty_only_e2e::serializable_class_round_trips_through_json_entirely_in_krusty ... ok
test session_subsystems_e2e::enum_entries_and_values ... ok
test session_subsystems_e2e::generic_var_field_erasure ... ok
test serialization_krusty_only_e2e::user_extension_on_classpath_type_in_krusty ... ok
test serialization_krusty_only_e2e::star_projection_polymorphic_serializer_in_krusty ... ok
test serialization_krusty_only_e2e::property_level_custom_serializer_introspection_in_krusty ... ok
test serialization_krusty_only_e2e::serializable_with_object_serializer_in_krusty ... ok
test session_subsystems_e2e::data_class_multifield_copy ... ok
test serialization_krusty_only_e2e::value_class_as_field_entirely_in_krusty ... ok
test session_subsystems_e2e::lateinit_var_set_then_get ... ok
test serialization_krusty_only_e2e::value_class_inline_serializer_entirely_in_krusty ... ok
test smartcast_and_e2e::or_guard_does_not_narrow_to_an_unmodeled_value_class ... ok
test smartcast_and_e2e::unrelated_false_facts_do_not_pick_a_type_by_declaration_order ... ok
test short_circuit_e2e::and_short_circuits_throwing_rhs ... ok
test short_circuit_e2e::or_short_circuits_throwing_rhs ... ok
test short_circuit_e2e::const_bool_and_or_fold ... ok
test source_fallback_companion_props_e2e::interface_companion_jvm_field_vals_resolve ... ok
test source_fallback_companion_props_e2e::absent_companion_member_still_reports_unresolved ... ok
test source_fallback_companion_props_e2e::internal_companion_val_resolves_within_module ... ok
test source_fallback_companion_props_e2e::companion_const_val_resolves ... ok
test source_fallback_companion_props_e2e::jvm_field_companion_val_of_sealed_class_resolves ... ok
test smartcast_and_e2e::smartcast_in_and_condition ... ok
test session_subsystems_e2e::value_class_unboxed_arith ... ok
test smartcast_and_e2e::smartcast_in_or_negated_condition ... ok
test source_fallback_companion_props_e2e::source_enum_entry_keeps_using_the_shared_field_realization ... ok
test source_fallback_companion_props_e2e::internal_companion_val_is_hidden_cross_module ... ok
test smartcast_and_e2e::nested_or_rhs_sees_every_false_lhs_fact ... ok
test source_fallback_companion_props_e2e::computed_companion_property_is_not_projected_as_a_field ... ok
test spread_in_annotation_e2e::nested_spread_in_annotation_parses ... ok
test source_fallback_companion_props_e2e::plain_companion_val_resolves ... ok
test spread_in_annotation_e2e::spread_arg_in_annotation_parses ... ok
test spread_operator_e2e::single_spread_to_toplevel_vararg_runs ... ok
test static_member_import_e2e::import_alias_is_shadowed_by_a_local_of_the_same_name ... ok
test smartcast_and_e2e::or_guard_and_else_narrowings_survive_lambda_capture ... ok
test static_member_import_e2e::import_alias_shadowing_is_lexical_not_file_wide ... ok
test static_member_import_e2e::classpath_object_jvmfield_and_java_static_field_read ... ok
test stdlib_call_resolution_e2e::kotlin_test_assert_fails_with_default_is_inline_only_callable ... ok
test spread_operator_e2e::spread_forwards_elements_in_order ... ok
test static_member_import_e2e::aliased_java_static_method_import_resolves ... ok
test static_member_import_e2e::classpath_varargs_static_qualified_and_via_import ... ok
test stdlib_call_resolution_e2e::kotlin_test_assert_fails_with_resolves ... ok
test static_member_import_e2e::imported_type_alias_resolves_in_type_position ... ok
test static_member_import_e2e::imported_java_static_accepts_lambda_for_sam_parameter ... ok
test stdlib_call_resolution_e2e::receiver_scope_function_accepts_function_value_argument ... ok
test static_member_import_e2e::imported_generic_java_static_accepts_lambda_for_sam_parameter ... ok
test static_member_import_e2e::java_static_method_imported_unqualified_resolves ... ok
test stdlib_call_resolution_e2e::kotlin_test_assert_equals_resolves ... ok
test stdlib_call_resolution_e2e::list_of_and_empty_list_resolve ... ok
test string_concat_append_overload_e2e::concat_with_classpath_string_returning_call ... ok
test string_concat_append_overload_e2e::data_class_with_array_field_tostring ... ok
test stdlib_call_resolution_e2e::string_builder_append_line_resolves ... ok
test subtype_receiver_extension_call_e2e::cross_file_extension_uses_the_declared_interface_receiver_descriptor ... ok
test string_concat_append_overload_e2e::string_get_uses_interface_owner_dispatch ... ok
test string_concat_append_overload_e2e::string_extensions_resolve_on_implicit_receiver ... ok
test string_concat_append_overload_e2e::string_for_loop_uses_library_members ... ok
test subtype_receiver_extension_call_e2e::extension_on_interface_called_on_implementor ... ok
test stdlib_call_resolution_e2e::mutable_list_of_resolves ... ok
test super_to_base_secondary_ctor_e2e::ambiguous_super_delegation_is_diagnosed ... ok
test super_default_args_e2e::class_extends_all_default_base ... ok
test subtype_receiver_extension_call_e2e::extension_on_superclass_called_on_subclass ... ok
test super_default_args_e2e::object_extends_all_default_base ... ok
test super_interface_default_e2e::super_call_to_interface_default ... ok
test super_interface_default_e2e::super_skips_abstract_class_override_for_interface_default ... ok
test super_to_base_secondary_ctor_e2e::module_super_delegation_recognizes_a_base_from_another_file ... ok
test super_interface_default_e2e::typed_super_selects_interface ... ok
test super_to_base_secondary_ctor_e2e::named_super_delegation_keeps_source_evaluation_order ... ok
test super_to_base_secondary_ctor_e2e::super_delegation_supports_primary_defaults_and_varargs ... ok
test super_to_base_secondary_ctor_e2e::super_targets_a_base_with_single_secondary ... ok
test super_to_base_secondary_ctor_e2e::super_delegation_keeps_the_exact_same_arity_overload ... ok
test superclass_bridge_e2e::overloaded_superclass_selects_the_overridden_descriptor_not_declaration_order ... ok
test supertype_scan_arrow_e2e::sealed_nested_class_before_when ... ok
test supertype_scan_arrow_e2e::class_with_base_ctor_followed_by_when_expr_body ... ok
test superclass_bridge_e2e::synthesized_data_class_any_overrides_tolerate_semantic_aliases ... ok
test super_to_base_secondary_ctor_e2e::super_targets_a_base_secondary_by_arity ... ok
test super_to_base_secondary_ctor_e2e::classpath_super_delegation_supports_multiple_default_masks ... ok
test superclass_bridge_e2e::classpath_generic_property_override_bridges_both_accessors ... ok
test superclass_bridge_e2e::classpath_generic_superclass_override_dispatches_through_erased_descriptor ... ok
test suspend_arg_order_e2e::notnull_assert_throws_before_suspension_effects ... ok
test suspend_arg_order_e2e::local_read_precedes_inline_block_mutation_and_suspension ... ok
test suspend_arg_order_e2e::string_concat_part_before_suspending_part ... ok
test suspend_arg_order_e2e::call_arg_before_suspending_arg_runs_first ... ok
test suspend_arg_order_e2e::method_call_arg_before_suspending_arg_runs_first ... ok
test suspend_class_implements_interface_e2e::suspend_override_needing_generic_bridge_is_skipped_not_miscompiled ... ok
test suspend_arg_order_e2e::method_call_effectful_receiver_before_suspending_arg ... ok
test suspend_arg_order_e2e::effectful_operand_between_two_suspensions_keeps_order ... ok
test suspend_arg_order_e2e::property_receiver_before_suspending_arg_compiles ... ok
test suspend_arg_order_e2e::toplevel_var_operand_reads_before_suspension_mutates_it ... ok
test suspend_conversion_e2e::conversion_where_param_is_typealias_of_plain_fn_type ... ok
test suspend_arg_order_e2e::suspending_call_own_args_keep_order ... ok
test suspend_class_implements_interface_e2e::suspend_member_overriding_nongeneric_interface ... ok
test suspend_continuation_owner_e2e::mangled_method_continuation_uses_source_name ... ok
test suspend_continuation_owner_e2e::top_level_suspend_continuation_nested_under_facade ... ok
test suspend_continuation_owner_e2e::member_suspend_continuation_nested_under_class ... ok
test suspend_conversion_e2e::plain_fn_value_converts_to_suspend_param ... ok
test suspend_conversion_e2e::unit_returning_fn_value_converts_to_suspend_param ... ok
test shadowed_method_tparam_e2e::shadowing_method_type_param_is_independent ... ok
test suspend_collection_hof_e2e::suspend_inline_hof_on_collection_result_compiles ... ok
test suspend_collection_hof_suspend_lambda_e2e::suspend_lambda_in_collection_hof_runs ... ok
test suspend_debug_metadata_e2e::continuation_metadata_repeats_spills_for_each_suspension ... ok
test suspend_debug_metadata_e2e::continuation_metadata_marks_direct_tail_suspension ... ok
test suspend_debug_metadata_e2e::continuation_metadata_omits_unnamed_loop_spills ... ok
test suspend_debug_metadata_e2e::continuation_emits_debug_and_enclosing_metadata ... ok
test suspend_debug_metadata_e2e::continuation_metadata_preserves_elvis_subject_lines ... ok
test suspend_debug_metadata_e2e::continuation_metadata_keeps_names_with_each_scope_snapshot ... ok
test suspend_debug_metadata_e2e::continuation_metadata_orders_mixed_spills_and_terminal_resume ... ok
test suspend_debug_metadata_e2e::continuation_metadata_uses_inline_lambda_smap_line ... ok
test suspend_debug_metadata_e2e::continuation_metadata_uses_later_value_branch_as_resume_line ... ok
test suspend_debug_metadata_e2e::continuation_metadata_uses_multiline_call_selector_line ... ok
test suspend_default_call_chained_receiver_e2e::chained_lambda_call_on_suspend_default_result ... ok
test suspend_default_call_chained_receiver_e2e::block_body_return_of_chained_call_in_concat ... ok
test suspend_debug_metadata_e2e::continuation_metadata_uses_successor_initializer_line ... ok
test suspend_debug_metadata_e2e::continuation_metadata_uses_nested_branch_resume_line ... ok
test suspend_debug_metadata_e2e::continuation_metadata_uses_named_member_call_selector_line ... ok
test suspend_default_call_chained_receiver_e2e::chained_call_with_explicit_argument ... ok
test suspend_debug_metadata_e2e::continuation_metadata_uses_returned_expression_end_line ... ok
test suspend_debug_metadata_e2e::continuation_metadata_uses_trailing_lambda_selector_line ... ok
test suspend_default_call_chained_receiver_e2e::chained_plain_call_on_suspend_default_result ... ok
test suspend_e2e::leaf_suspend_lambda_creates_and_invokes ... ok
test suspend_default_call_chained_receiver_e2e::local_bound_suspend_default_still_works ... ok
test suspend_e2e::leaf_member_suspend_fun_runs ... ok
test suspend_e2e::state_machine_member_suspend_fun_runs ... ok
test suspend_e2e::suspend_binary_hoist_preserves_left_to_right_evaluation ... ok
test suspend_e2e::state_machine_member_suspend_fun_with_param_runs ... ok
test suspend_e2e::suspend_bottom_typed_local_across_a_suspension_is_rematerialized ... ok
test suspend_debug_metadata_e2e::continuation_metadata_uses_try_end_and_catch_name ... ok
test suspend_e2e::suspend_call_whose_argument_writes_a_local_runs ... ok
test suspend_default_param_e2e::suspend_method_omitting_ctor_default_argument ... ok
test suspend_debug_metadata_e2e::continuation_uses_synthetic_kotlin_metadata ... ok
test suspend_e2e::suspend_cross_loop_labeled_break_runs ... ok
test suspend_e2e::suspend_calls_in_arguments_increment_left_to_right ... ok
test suspend_e2e::suspend_chain_calls_state_machine_callee ... ok
test suspend_default_param_e2e::suspend_method_providing_the_argument_still_works ... ok
test suspend_e2e::suspend_cross_loop_labeled_jump_between_pretest_loops_runs ... ok
test suspend_e2e::suspend_cross_loop_labeled_continue_and_three_levels_run ... ok
test suspend_e2e::suspend_extension_suspending_on_a_receiver_member ... ok
test suspend_e2e::member_suspend_fun_with_param_survives_async_resume ... ok
test suspend_e2e::suspend_fun_discarded_suspension_result ... ok
test suspend_e2e::suspend_fun_calls_member_suspend_fun ... ok
test suspend_e2e::suspend_fun_suspension_in_and_condition ... ok
test suspend_e2e::suspend_fun_suspension_in_if_statement ... ok
test suspend_e2e::suspend_fun_suspension_in_do_while_loop ... ok
test suspend_e2e::suspend_fun_suspension_in_while_loop ... ok
test suspend_e2e::suspend_fun_calls_classpath_suspend_fun ... ok
test suspend_e2e::suspend_fun_suspension_inside_if_taken ... ok
test suspend_e2e::suspend_fun_suspension_nested_in_expression ... ok
test suspend_e2e::suspend_fun_tail_suspension_returns_result ... ok
test suspend_e2e::suspend_fun_suspension_inside_if_not_taken ... ok
test suspend_e2e::suspend_fun_suspension_on_elvis_rhs ... ok
test suspend_e2e::suspend_default_callee_whose_argument_writes_a_local_still_skips ... ok
test suspend_e2e::suspend_fun_with_suspension_point_runs_via_continuation ... ok
test suspend_e2e::suspend_in_catch_body_spills_exception ... ok
test suspend_e2e::suspend_fun_two_suspension_points_spills_live_local ... ok
test suspend_e2e::leaf_suspend_fun_has_cps_signature ... ok
test suspend_e2e::suspend_fun_actually_suspends_and_resumes_async ... ok
test suspend_e2e::suspend_in_try_catch_with_spilled_locals ... ok
test suspend_e2e::suspend_lambda_into_member_parameter_runs ... ok
test suspend_e2e::suspend_lambda_non_tail_body_runs ... ok
test suspend_e2e::suspend_lambda_captures_with_suspension_runs ... ok
test suspend_e2e::suspend_lambda_captures_enclosing_variable ... ok
test suspend_e2e::suspend_lambda_control_flow_with_capture_runs ... ok
test suspend_e2e::suspend_lambda_param_with_suspension_runs ... ok
test suspend_e2e::suspend_member_call_whose_operand_writes_a_local_runs ... ok
test suspend_e2e::suspend_operand_write_to_a_locally_dead_scratch_runs ... ok
test suspend_e2e::suspend_lambda_with_parameter_runs ... ok
test suspend_e2e::suspend_lambda_two_suspensions_runs ... ok
test suspend_e2e::suspend_lambda_with_internal_suspension_runs ... ok
test suspend_e2e::suspend_receiver_lambda_spills_hoisted_temps ... ok
test suspend_e2e::suspend_try_catch_over_a_suspension_still_skips ... ok
test suspend_e2e::suspend_return_when_with_suspending_branches ... ok
test suspend_e2e::suspend_try_catch_without_a_suspension_runs ... ok
test suspend_e2e::suspend_try_catch_with_branch_in_nonsuspending_catch_runs ... ok
test suspend_e2e::suspend_unit_fn_bare_early_return ... ok
test suspend_e2e::suspend_receiver_of_elvis_safecall_chain ... ok
test suspend_e2e::suspend_lambda_internal_suspension_async_resume ... ok
test suspend_e2e::suspend_lambda_two_suspensions_async_resume ... ok
test suspend_in_try_body_hoist_e2e::throws_inside_try_still_caught ... ok
test suspend_in_try_body_hoist_e2e::suspension_chained_inside_inlined_withlock ... ok
test suspend_inline_hof_suspending_lambda_reject_e2e::withlock_lambda_with_single_suspend_call_runs ... ok
test suspend_inline_hof_suspending_lambda_reject_e2e::withlock_lambda_calling_suspending_member_runs ... ok
test suspend_in_try_body_hoist_e2e::suspension_chained_inside_explicit_try_finally ... ok
test suspend_in_try_body_hoist_e2e::suspension_chained_inside_catch_body ... ok
test suspend_inline_hof_suspending_lambda_reject_e2e::withlock_lambda_without_suspension_still_runs ... ok
test suspend_inline_statementless_block_e2e::inline_wrapper_tail_suspend_call_runs ... ok
test suspend_inline_hof_suspending_lambda_reject_e2e::withlock_lambda_with_suspend_and_nonlocal_return_compiles ... ok
test suspend_interface_delegation_e2e::intrinsic_call_never_types_as_nothing ... ok
test suspend_interface_delegation_e2e::private_suspend_conditional_intrinsic_tail_stays_supported ... ok
test suspend_interface_delegation_e2e::suspend_default_interface_method_resumes ... ok
test suspend_interface_delegation_e2e::suspend_delegation_returns_resumed_value ... ok
test suspend_e2e::toplevel_suspend_fun_with_param_survives_async_resume ... ok
test suspend_interface_delegation_e2e::intrinsic_points_resume_asynchronously_twice ... ok
test suspend_lambda_unit_tail_e2e::suspend_lambda_inline_spliced_unit_tail ... ok
test suspend_e2e::suspend_function_type_lowers_to_function1_continuation ... ok
test suspend_interface_delegation_e2e::suspend_delegation_tail_call_to_nothing ... ok
test suspend_interface_delegation_e2e::suspend_lambda_member_call_through_delegation_suspends ... ok
test suspend_lambda_unit_tail_e2e::suspend_lambda_void_tail_with_suspending_argument ... ok
test suspend_lambda_unit_tail_e2e::suspend_lambda_safe_call_unit_tail_null_receiver ... ok
test suspend_lambda_unit_tail_e2e::suspend_lambda_safe_call_unit_tail ... ok
test suspend_lambda_unit_tail_e2e::suspend_lambda_leaf_safe_call_unit_tails ... ok
test suspend_operator_convention_cross_file_e2e::invoke_convention_cross_file_is_the_residual_gap ... ok
test suspend_operator_convention_cross_file_e2e::suspend_binary_plus_cross_file_executes ... ok
test suspend_operator_convention_cross_file_e2e::suspend_indexed_get_cross_file_executes ... ok
test suspend_operator_convention_cross_file_e2e::compare_to_and_contains_cross_file_execute ... ok
test suspend_loop_compound_assign_e2e::suspend_compound_assign_in_loops_runs ... ok
test suspend_operator_convention_cross_file_e2e::suspend_indexed_set_cross_file_executes ... ok
test suspend_receiver_lambda_e2e::suspend_lambda_ignores_unselected_same_named_suspend_inline_member ... ok
test suspend_operator_convention_cross_file_e2e::suspend_plus_assign_cross_file_executes ... ok
test suspend_receiver_lambda_e2e::suspend_lambda_rejects_selected_suspend_inline_without_name_leakage ... ok
test suspend_loop_continue_break_e2e::suspend_loop_continue_break_runs ... ok
test suspend_operator_convention_cross_file_e2e::suspend_unary_minus_cross_file_executes ... ok
test suspend_e2e::suspend_fun_calls_cross_file_suspend_member ... ok
test suspend_receiver_lambda_e2e::suspend_receiver_lambda_with_value_param ... ok
test suspend_receiver_lambda_e2e::suspend_receiver_lambda_member_write ... ok
test suspend_receiver_lambda_e2e::suspend_receiver_lambda_member_call ... ok
test suspend_member_after_call_e2e::suspend_member_access_after_suspend_call_compiles ... ok
test suspend_receiver_lambda_e2e::suspend_receiver_lambda_captures_and_receiver ... ok
test suspend_receiver_lambda_e2e::suspend_receiver_lambda_unit_try_tail ... ok
test suspend_receiver_lambda_e2e::suspend_receiver_lambda_unit_tail_invokes_function_value ... ok
test suspend_try_catch_shapes_e2e::catch_throwable_still_catches_everything ... ok
test suspend_e2e::suspend_fun_calls_cross_file_suspend_fun ... ok
test suspend_try_catch_shapes_e2e::constructor_arguments_keep_order_around_suspensions ... ok
test suspend_receiver_lambda_e2e::suspend_value_param_lambda_captures ... ok
test suspend_try_catch_shapes_e2e::expression_bodied_multi_catch_maps_exceptions ... ok
test suspend_try_catch_shapes_e2e::expression_bodied_try_with_result_coercion ... ok
test suspend_try_catch_shapes_e2e::matching_exception_still_caught ... ok
test suspend_try_catch_shapes_e2e::bound_val_try_runs_and_filters ... ok
test suspend_try_catch_shapes_e2e::multi_catch_selects_by_exception_type ... ok
test suspend_try_catch_shapes_e2e::multi_catch_subtype_ordering_first_match_wins ... ok
test suspend_try_catch_shapes_e2e::nonmatching_exception_propagates_past_suspend_catch ... ok
test suspend_return_type_recovery_e2e::suspend_return_recovery_compiles_end_to_end ... ok
test suspend_try_catch_shapes_e2e::suspending_catch_body_still_recovers_on_match ... ok
test suspend_try_catch_shapes_e2e::multi_catch_with_trailing_throwable_arm ... ok
test suspend_try_catch_shapes_e2e::suspending_catch_body_type_filter ... ok
test suspend_spill_slot_reuse_e2e::suspend_spill_slot_reuse_runs ... ok
test suspend_try_finally_body_e2e::suspend_try_finally_body_runs ... ok
test suspend_try_finally_e2e::leaf_suspend_try_catch ... ok
test suspend_try_finally_e2e::leaf_suspend_finally_runs_when_try_returns ... ok
test suspend_try_finally_e2e::leaf_suspend_try_finally_with_return_in_try ... ok
test suspend_return_type_recovery_e2e::suspend_primitive_return_unboxed ... ok
test suspend_try_finally_e2e::state_machine_suspend_then_try_finally ... ok
test suspend_try_finally_e2e::state_machine_try_finally_then_suspend ... ok
test suspend_return_type_recovery_e2e::suspend_nullable_reference_return_matches_declared ... ok
test suspend_value_invoke_e2e::suspend_lambda_with_value_class_params ... ok
test suspend_value_invoke_e2e::suspend_value_invoke_statement_then_return ... ok
test suspend_unit_tail_conditional_e2e::suspend_lambda_tail_if_plain_branch ... ok
test suspend_unit_tail_conditional_e2e::suspend_lambda_tail_if_throw ... ok
test synthetic_accessor_e2e::bound_reference_to_private_in_lambda ... ok
test suspend_unit_tail_conditional_e2e::suspend_receiver_lambda_tail_if_throw ... ok
test synthetic_accessor_e2e::callable_reference_to_private_member ... ok
test suspend_value_invoke_e2e::suspend_value_invoke_parks_and_resumes ... ok
test suspend_unit_tail_conditional_e2e::suspend_fun_tail_if_throw ... ok
test suspend_withlock_nonlocal_return_e2e::suspend_withlock_nonlocal_return_runs ... ok
test synthetic_accessor_e2e::inner_class_calls_outer_private ... ok
test top_level_custom_accessor_e2e::annotated_context_extension_getter_has_no_diagnostics ... ok
test this_smartcast_e2e::this_smartcast_member_property ... ok
test this_smartcast_e2e::this_smartcast_implicit_receiver_in_when ... ok
test this_smartcast_e2e::this_smartcast_implicit_receiver ... ok
test throw_e2e::throw_runs ... ok
test top_level_custom_accessor_e2e::top_level_custom_getter_reads_field ... ok
test top_level_custom_accessor_e2e::top_level_simple_field_getter ... ok
test tailrec_e2e::tailrec_deep_recursion_runs ... ok
test this_callable_ref_e2e::this_method_ref_passed_to_hof ... ok
test tailrec_e2e::tailrec_unit_returning_runs ... ok
test top_level_generic_property_inference_e2e::top_level_list_property_infers_from_args ... ok
test suspend_value_class_mangle_e2e::suspend_value_class_param_method_runs ... ok
test top_level_custom_accessor_e2e::top_level_custom_setter_writes_field ... ok
test toplevel_array_inference_e2e::toplevel_reference_array_of_infers ... ok
test toplevel_array_inference_e2e::toplevel_array_size_and_iteration ... ok
test top_level_custom_accessor_e2e::top_level_compound_assign_routes_through_accessors ... ok
test toplevel_prop_incdec_e2e::apply_receiver_does_not_unhide_outer_member ... ok
test top_level_generic_property_inference_e2e::top_level_map_property_infers_from_args ... ok
test top_level_generic_property_inference_e2e::top_level_set_property_infers_from_args ... ok
test toplevel_prop_incdec_e2e::expr_incdec_on_toplevel_var ... ok
test toplevel_prop_incdec_e2e::member_shadowing_toplevel_var_binds_member ... ok
test suspend_e2e::krusty_compiled_suspend_dep_is_consumable ... ok
test toplevel_prop_incdec_e2e::companion_member_shadows_toplevel_var ... ok
test toplevel_prop_incdec_e2e::stmt_incdec_on_toplevel_short ... ok
test toplevel_default_multimask_e2e::toplevel_default_call_uses_second_mask_word ... ok
test toplevel_array_inference_e2e::toplevel_primitive_array_of_infers ... ok
test toplevel_prop_incdec_e2e::stmt_incdec_on_toplevel_var_cross_file ... ok
test toplevel_prop_incdec_e2e::stmt_incdec_on_toplevel_var ... ok
test toplevel_prop_incdec_e2e::expr_incdec_in_argument_and_template_position ... ok
test toplevel_prop_incdec_e2e::toplevel_delegated_var_incdec_skips ... ok
test toplevel_prop_incdec_e2e::toplevel_unsigned_var_incdec_skips ... ok
test toplevel_prop_incdec_e2e::stmt_incdec_on_toplevel_var_with_custom_setter ... ok
test toplevel_prop_incdec_e2e::stmt_incdec_on_toplevel_var_from_class_method ... ok
test toplevel_property_inference_e2e::toplevel_property_cross_reference ... ok
test tparam_bound_member_e2e::reference_bound_member_call_on_read ... ok
test tparam_bound_member_e2e::class_bound_chained_property_read ... ok
test tparam_bound_member_e2e::explicit_type_argument_still_wins ... ok
test trailing_lambda_middle_default_e2e::trailing_lambda_skips_fn_typed_middle_default ... ok
test top_level_property_e2e::top_level_properties_run_and_round_trip ... ok
test trailing_lambda_middle_default_e2e::named_lambda_arg_skips_fn_typed_middle_default ... ok
test trailing_lambda_default_e2e::trailing_lambda_skips_defaulted_middle_param ... ok
test tparam_bound_member_e2e::primitive_bound_property_read ... ok
test transitive_type_bound_e2e::three_level_transitive_bound_resolves_member ... ok
test transitive_type_bound_e2e::transitive_type_parameter_bound_resolves_member ... ok
test toplevel_prop_with_companion_const_e2e::toplevel_prop_read_not_shadowed_by_companion_const ... ok
test trim_indent_e2e::trim_indent_multiline ... ok
test trim_indent_e2e::trim_margin_default_prefix ... ok
test trailing_lambda_middle_default_e2e::inline_fn_trailing_lambda_with_omitted_fn_typed_default ... ok
test trailing_lambda_middle_default_e2e::inline_fn_trailing_lambda_with_omitted_default ... ok
test trim_indent_e2e::trim_margin_keeps_non_margin_line ... ok
test trailing_lambda_named_args_e2e::trailing_lambda_after_named_args_runs ... ok
test try_catch_e2e::try_catch_runs ... ok
test try_catch_expr_nullable_merge_e2e::try_catch_expr_null_merge_expression_body ... ok
test try_catch_expr_nullable_merge_e2e::try_catch_expr_merges_value_and_null_to_nullable ... ok
test try_catch_expr_nullable_merge_e2e::try_catch_distinct_references_preserve_nullable_join ... ok
test try_catch_expr_nullable_merge_e2e::try_catch_nullable_distinct_references_reject_non_null_return ... ok
test type_param_vararg_check_e2e::distinct_class_type_params_ok ... ok
test type_param_vararg_check_e2e::distinct_fn_type_params_ok ... ok
test type_param_vararg_check_e2e::dup_among_three_type_params ... ok
test try_catch_expr_nullable_merge_e2e::try_catch_expr_merges_distinct_references_to_any ... ok
test try_catch_expr_nullable_merge_e2e::try_catch_expr_null_merge_local_then_return ... ok
test type_param_vararg_check_e2e::dup_class_type_param ... ok
test type_param_vararg_check_e2e::dup_fn_type_param ... ok
test type_param_vararg_check_e2e::multiple_vararg_params ... ok
test type_param_vararg_check_e2e::single_vararg_ok ... ok
test type_param_vararg_check_e2e::no_type_params_ok ... ok
test try_catch_e2e::arithmetic_lhs_across_try_catch_rhs ... ok
test type_annotation_newline_e2e::multiple_annotations_each_on_their_own_line_parse ... ok
test typealias_function_type_e2e::fun_type_alias_as_param_and_local ... ok
test try_catch_expr_generic_merge_e2e::try_catch_expr_block_body_return ... ok
test type_annotation_newline_e2e::newline_between_type_annotation_and_type_parses ... ok
test typealias_function_type_e2e::context_receiver_fun_type_alias ... ok
test typealias_function_type_e2e::class_target_alias_with_fn_type_argument_is_preserved ... ok
test try_catch_expr_generic_merge_e2e::try_catch_expr_merges_list_and_empty_list ... ok
test try_catch_expr_nullable_merge_e2e::try_catch_statement_keeps_lenient_merge ... ok
test toplevel_property_ref_e2e::toplevel_property_refs_run ... ok
test typealias_function_type_e2e::fun_type_alias_with_return_value ... ok
test typealias_function_type_e2e::generic_fun_type_alias_substitutes_use_site_args ... ok
test typealias_function_type_e2e::suspend_fun_type_alias_as_param ... ok
test typeparam_cast_e2e::class_bounded_type_param_cast_checkcasts ... ok
test typealias_generic_target_e2e::generic_alias_substitutes_into_a_class_target ... ok
test typeparam_cast_e2e::nonnull_bounded_type_param_cast_throws_on_null ... ok
test typeparam_cast_e2e::unbounded_type_param_cast_is_erased_noop ... ok
test unit_as_any_e2e::unit_returned_as_any ... ok
test typealias_function_type_e2e::generic_suspend_fun_type_alias ... ok
test unit_as_any_e2e::unit_passed_as_any_arg ... ok
test typeparam_cast_e2e::safe_cast_to_type_param_is_erased ... ok
test unit_cast_e2e::primitive_safe_cast_to_unit_is_null ... ok
test unit_cast_e2e::unit_returning_call_as_unit ... ok
test unit_as_any_e2e::unit_stored_in_any_array ... ok
test unit_cast_e2e::unit_safe_cast_to_primitive_is_null ... ok
test unit_value_e2e::nullable_unit_expression_body ... ok
test unit_cast_e2e::unit_value_as_any ... ok
test unit_value_e2e::unit_as_equality_operand ... ok
test typealias_generic_target_e2e::nullable_use_site_keeps_its_question_mark ... ok
test typealias_generic_target_e2e::alias_of_generic_class_keeps_its_type_arguments ... ok
test unqualified_enum_entry_e2e::companion_members_resolve_bare_enum_entries ... ok
test unqualified_enum_entry_e2e::nested_companion_property_shadows_outer_enum_entry ... ok
test typealias_generic_target_e2e::alias_chain_through_another_generic_alias ... ok
test unqualified_enum_entry_e2e::nested_lexical_class_resolves_enclosing_enum_entry ... ok
test typealias_generic_target_e2e::alias_of_a_nested_generic_target ... ok
test unit_value_e2e::unit_data_class_component ... ok
test unqualified_enum_entry_e2e::companion_property_shadows_enum_entry ... ok
test unit_vararg_e2e::unit_vararg_uses_a_reference_array ... ok
test unqualified_enum_entry_e2e::inner_receiver_property_shadows_enum_entry ... ok
test unqualified_enum_entry_e2e::member_method_lowers_bare_enum_entry ... ok
test unqualified_enum_entry_e2e::member_extension_receiver_property_shadows_enum_entry ... ok
test unsigned_array_e2e::uint_array_of_literal ... ok
test unsigned_array_e2e::ulong_array_of_literal ... ok
test unsigned_array_e2e::uint_array_fill_ctor ... ok
test unsigned_array_e2e::uint_array_index_loop ... ok
test unsigned_array_e2e::uint_array_bare_ctor_and_store ... ok
test unsigned_array_e2e::uint_array_iterate_sum ... ok
test unsigned_array_e2e::ulong_array_bare_and_fill ... ok
test unsigned_classpath_call_e2e::unsigned_equals_call_emits_verifiable_bytecode ... ok
test unsigned_classpath_call_e2e::unsigned_receiver_of_an_inline_scope_function_uses_its_semantic_box ... ok
test unsigned_classpath_call_e2e::boxed_unsigned_argument_to_a_suspend_default_classpath_call_still_emits ... ok
test unsigned_classpath_call_e2e::a_plain_continuation_parameter_is_not_an_unthreaded_continuation ... ok
test unsigned_classpath_call_e2e::unsigned_member_calls_on_a_reference_carried_receiver_verify ... ok
test unsigned_classpath_call_e2e::value_class_impl_member_on_an_unsigned_payload_still_emits ... ok
test unsigned_ext_e2e::uint_coerce_at_most ... ok
test unsigned_classpath_call_e2e::unsigned_equals_keeps_value_class_semantics_across_argument_types ... ok
test unsigned_ext_e2e::uint_coerce_in ... ok
test unsigned_generic_erasure_e2e::narrow_unsigned_generic_call_result_unboxes_through_its_own_value_class ... ok
test unsigned_classpath_call_e2e::unsigned_max_of_emits_verifiable_bytecode ... ok
test unsigned_generic_erasure_e2e::unsigned_bounded_generic_call_result_unboxes_through_its_own_value_class ... ok
test unsigned_classpath_call_e2e::unsigned_min_of_emits_verifiable_bytecode ... ok
test unsigned_classpath_call_e2e::narrow_unsigned_types_stay_declined_or_correct ... ok
test unsigned_generic_erasure_e2e::unsigned_generic_call_result_as_value_class_receiver ... ok
test unsigned_generic_erasure_e2e::unsigned_generic_call_result_unboxes_through_its_own_value_class ... ok
test unsigned_generic_erasure_e2e::unsigned_generic_property_result_uses_the_semantic_unbox_adapter ... ok
test unsigned_generic_erasure_e2e::unsigned_classpath_generic_call_result_unboxes_through_its_own_value_class ... ok
test unsigned_generic_erasure_e2e::unsigned_function_value_preserves_semantic_adapters ... ok
test unsigned_generic_erasure_e2e::semantic_adapter_does_not_rebox_an_existing_reference_carrier ... ok
test unsigned_classpath_call_e2e::mangled_suspend_classpath_call_threads_its_continuation ... ok
test unsigned_toplevel_e2e::unsigned_string_concat_and_ulong_promotion ... ok
test use_site_variance_e2e::covariant_parameter_infers_the_return_type ... ok
test unsigned_toplevel_e2e::unsigned_tostring_uses_unsigned_semantics ... ok
test use_site_variance_e2e::expected_type_resolves_projected_return_inference ... ok
test use_site_variance_e2e::explicit_generic_argument_avoids_projected_inference_gate ... ok
test unsigned_toplevel_e2e::toplevel_unsigned_literal_property ... ok
test unsigned_generic_erasure_e2e::unsigned_inline_reference_adapters_preserve_semantic_identity ... ok
test use_site_variance_e2e::generic_extension_boxes_a_primitive_receiver ... ok
test unsigned_generic_erasure_e2e::unsigned_bounded_classpath_generic_call_result_unboxes_through_its_own_value_class ... ok
test use_site_variance_e2e::in_and_out_projections ... ok
test use_site_variance_e2e::invariant_value_witness_avoids_projected_inference_gate ... ok
test unsigned_generic_erasure_e2e::unsigned_inline_lambda_result_uses_the_semantic_box_adapter ... ok
test use_site_variance_e2e::nested_in_projection ... ok
test unsigned_generic_erasure_e2e::unsigned_inline_splice_element_keeps_its_host_provided_box ... ok
test use_site_variance_e2e::nothing_projected_return_remains_gated ... ok
test utf16_string_constant_e2e::the_classpath_less_trim_indent_fold_emits_the_surrogate ... ok
test utf16_string_constant_e2e::a_supplementary_constant_part_appends_as_a_string_not_a_char ... ok
test use_site_variance_e2e::unresolved_projected_return_remains_gated ... ok
test utf16_string_constant_e2e::lone_surrogate_literal_keeps_its_code_unit ... ok
test val_backing_field_getter_e2e::val_with_field_reading_getter_assigned_in_ctor ... ok
test value_class_branch_repr_e2e::nullable_join_boxes_value_class_arm ... ok
test utf16_string_constant_e2e::lone_surrogate_survives_a_const_val_and_a_template ... ok
test utf16_string_constant_e2e::lone_surrogate_folds_through_trim_margin ... ok
test value_class_branch_repr_e2e::unsupported_value_class_return_shapes_are_rejected ... ok
test utf16_string_constant_e2e::lone_surrogate_folds_through_trim_indent ... ok
test utf16_string_constant_e2e::lone_surrogate_survives_classpath_constant_read_and_inline_relocation ... ok
test utf16_string_constant_e2e::escaped_surrogate_pair_literal_is_one_supplementary_character ... ok
test value_class_default_param_e2e::boxed_read_defaults_still_rejected ... ok
test value_class_default_param_e2e::boxed_slot_shapes_explicit_args_run ... ok
test value_class_branch_repr_e2e::elvis_coerces_each_value_class_branch ... ok
test value_class_default_param_e2e::corpus_value_class_defaults_box_ok ... ok
test value_class_default_param_e2e::nullable_vc_param_reference_underlying ... ok
test value_class_default_param_e2e::value_class_default_mixed_slots ... ok
test value_class_default_param_e2e::corpus_value_class_default_boxing_stays_skipped ... ok
test value_class_default_param_e2e::value_class_default_from_param ... ok
test value_class_default_param_e2e::value_class_default_via_stub ... ok
test value_class_default_param_e2e::unsafe_value_class_defaults_still_rejected ... ok
test value_class_e2e::value_class_is_property_uses_javabean_getter_name ... ok
test value_class_default_param_e2e::value_class_default_underlying_variants ... ok
test value_class_e2e::value_class_synthesizes_box_unbox_constructor_impl ... ok
test value_class_e2e::covariant_override_unboxed_return_is_check ... ok
test value_class_e2e::generic_inline_scope_receiver_uses_the_declared_value_class_box ... ok
test value_class_e2e::assignment_to_nullable_value_class_var_boxes ... ok
test value_class_e2e::nullable_reference_underlying_value_class_extension_to_string_is_null_safe ... ok
test value_class_e2e::value_class_reference_underlying_eq_hash_to_string_runs ... ok
test value_class_classpath_ctor_e2e::classpath_value_class_constructed_by_name ... ok
test value_class_map_key_e2e::map_of_with_int_backed_key ... ok
test value_class_map_key_e2e::hashmap_put_get ... ok
test value_class_e2e::sized_array_of_value_class_uses_provider_value_underlying ... ok
test value_class_map_key_e2e::map_of_with_string_backed_key ... ok
test value_class_template_lambda_e2e::value_class_derived_local_in_lambda_template ... ok
test var_extension_property_e2e::var_extension_property_get_set ... ok
test var_extension_property_e2e::var_extension_property_string ... ok
test var_smartcast_after_assign_e2e::narrow_dropped_after_null_reassign_and_across_branch ... ok
test value_class_map_key_e2e::value_class_in_list_contains ... ok
test var_smartcast_after_assign_e2e::assign_then_compound_plus ... ok
test value_class_map_key_e2e::map_keys_iteration_and_value_class_value ... ok
test value_class_init_validate_e2e::value_class_init_validates_via_classpath_sealed ... ok
test var_smartcast_after_assign_e2e::string_var_narrows_to_nonnull ... ok
test var_smartcast_after_assign_e2e::nonnull_initializer_narrows ... ok
test vararg_e2e::classpath_java_static_object_varargs_element_wise ... ok
test vararg_e2e::classpath_java_instance_object_varargs_element_wise ... ok
test value_class_map_key_e2e::hashset_membership_dedup ... ok
test value_class_nullable_widen_return_e2e::value_class_widen_from_guard_clause_return ... ok
test value_class_nullable_widen_return_e2e::nullable_value_class_return_with_null_branch ... ok
test var_smartcast_after_assign_e2e::reassign_renarrows_to_new_value ... ok
test vararg_extension_overload_e2e::non_vararg_overload_still_wins_on_exact_fit ... ok
test vararg_element_default_e2e::char_vararg_element_call_packs_and_defaults ... ok
test vararg_e2e::vararg_and_array_iteration_run ... ok
test vararg_extension_overload_e2e::vararg_extension_spread_over_trailing_args_runs ... ok
test value_class_param_generic_return_e2e::vcparam_generic_return_element_member_resolves ... ok
test vararg_extension_overload_e2e::array_parameter_that_is_not_vararg_is_passed_through ... ok
test vararg_spread_shapes_e2e::source_cross_file_extension_mixed_spread ... ok
test value_class_nullable_widen_return_e2e::non_null_value_class_widens_to_nullable_return ... ok
test vararg_spread_shapes_e2e::classpath_extension_named_after_spread ... ok
test vararg_spread_shapes_e2e::classpath_extension_named_whole_array_runs ... ok
test vararg_spread_shapes_e2e::source_extension_mixed_element_and_spread ... ok
test vararg_spread_shapes_e2e::source_cross_file_extension_uses_recorded_vararg_slots ... ok
test vararg_spread_shapes_e2e::classpath_overloaded_list_overload_still_selected ... ok
test vararg_spread_shapes_e2e::source_extension_mixed_spread_with_trailing_default ... ok
test vararg_spread_shapes_e2e::source_generic_named_whole_array_preserves_selected_array_form ... ok
test vararg_spread_shapes_e2e::source_extension_named_after_vararg_elements ... ok
test vararg_spread_shapes_e2e::source_extension_named_final_vararg_without_defaults_runs ... ok
test vararg_spread_shapes_e2e::classpath_extension_mixed_element_and_spread ... ok
test vararg_spread_shapes_e2e::classpath_extension_named_after_vararg_elements ... ok
test vararg_spread_shapes_e2e::source_named_spread_wrong_element_type_rejected ... ok
test vararg_spread_shapes_e2e::source_named_in_position_before_positional_vararg ... ok
test vararg_spread_shapes_e2e::source_top_level_named_after_vararg_elements ... ok
test vararg_spread_shapes_e2e::source_top_level_named_after_spread ... ok
test vararg_element_default_e2e::generic_vararg_element_call_uses_the_declared_slot_before_defaults ... ok
test vc_mangled_default_e2e::vc_lambda_through_inline_hof_still_splices ... ok
test vararg_spread_shapes_e2e::source_named_single_element_vararg_prohibited ... ok
test vc_mangled_default_e2e::vc_defaulted_param_itself_omitted ... ok
test vc_mangled_default_e2e::vc_param_with_non_const_default_omitted ... ok
test when_branch_if_no_else_e2e::when_branch_if_without_else_then_when_else ... ok
test when_multiple_else_check_e2e::many_branches_one_else_ok ... ok
test when_lambda_branch_e2e::if_branch_lambda_body ... ok
test when_multiple_else_check_e2e::no_else_ok ... ok
test when_multiple_else_check_e2e::one_else_ok ... ok
test when_multiple_else_check_e2e::two_else_subjectless ... ok
test vc_mangled_default_e2e::vc_int_underlying_param_default_omitted ... ok
test when_multiple_else_check_e2e::two_else_with_subject ... ok
test vc_mangled_default_e2e::vc_param_with_lambda_default_omitted ... ok
test vc_mangled_default_e2e::vc_param_with_lambda_default_provided ... ok
test when_lambda_branch_e2e::when_branch_lambda_body ... ok
test when_throwing_branch_e2e::when_statement_with_throwing_else ... ok
test when_nothing_arm_e2e::when_statement_with_nothing_arm ... ok
test when_throwing_branch_e2e::when_value_subject_with_throwing_else ... ok
test when_throwing_branch_e2e::expected_unit_lambda_discards_a_non_exhaustive_trailing_when ... ok
test wrapped_param_type_e2e::param_type_on_next_line_parses ... ok
test vararg_spread_shapes_e2e::classpath_overloaded_vararg_mixed_element_and_spread ... ok
test vararg_spread_shapes_e2e::classpath_overloaded_vararg_named_after_elements ... ok
test when_classpath_java_enum_e2e::non_exhaustive_when_over_classpath_java_enum_still_rejected ... ok
test when_classpath_java_enum_e2e::exhaustive_when_over_classpath_java_enum_as_value ... ok

test result: ok. 3758 passed; 0 failed; 0 ignored; 0 measured; 0 filtered out; finished in 51.73s

